#SampleID;BarcodeSequence;LinkerPrimerSequence;Old_Name;DNA_extraction;sample_type;Project;gDNA_isolate;gDNA_input_16S_PCR;PCR_date;PCR_product_Visible_on_gel;Storage;studycode;pt_category;date_birth;age;age_category;gender;relatives;SCT;compl_subclinical_1_GLILD;compl_subclinical_1_Splenomegaly;compl_subclinical_1_Intestinal_hyperplasia;compl_subclinical_1_Villous_atrophy;compl_subclinical_1_Lymphadenopathy;compl_subclinical_1_Other;compl_subclinical_1_None;compl_clinical_1_GLILD;compl_clinical_1_Autoimmunity;compl_clinical_1_Malignancy;compl_clinical_1_Granulomatous_diseaseother;compl_clinical_1_Enteritis;compl_clinical_1_Lymphoproliferation;compl_clinical_1_Other;compl_clinical_1_None;IgA;IgA_category;T_absolute;T_category;CD4_absolute;CD4_a_category;CD4_relative;CD4_naive;CD4_n_category;CD8_absolute;CD8_a_category;CD8_relative;CD8_naive;CD8_n_category;B_absolute;B_relative;memory_IgG;memory_IgA;memory_total;B_mem_category;calprotectin_other_number;calpro_ooit_category;IgA1_other_number;IgA2_other_number;Ig_suppletion_1;antibiotics_3mo_1;antibiotics_prophylactic_1;is_3mo_1;PPI_1;study_arm_1;IgG_sampling1_number;IgM_sampling1_number;calprotectin_sampling1_number;calpro_category;CRP_sampling1_number;crp_category;Description
2018.Run02.Roos.en.Opti.S0001;TGCAGATCCAACCCATCACATAGG;GGACTACHVGGGTWTCTAAT;P16-60336;QIAamp_DNA_Stool_mini_kit_protocol_B;Feces;201802Roos;49,3018;0,986036;20.02.2018;Yes;;572;1;10.16.1981;36;30_39;2;0;0;0;0;0;0;0;0;1;0;0;0;0;0;0;0;1;0,5;1;2082;3;1284;3;46,3;na;na;750;3;27;na;na;547;19,3;na;na;na;na;_30;0;na;na;1;0;0;0;0;1;na;na;na;na;na;na;S0001
2018.Run02.Roos.en.Opti.S0002;CCATCACATAGGGTGGTATGGGAG;GGACTACHVGGGTWTCTAAT;P16-55356;QIAamp_DNA_Stool_mini_kit_protocol_B;Feces;201802Roos;23,3082;1,16541;20.02.2018;Yes;;461;1;08.05.1968;49;40_49;2;0;0;0;0;0;0;0;0;1;0;0;0;0;0;0;0;1;_0.07;0;1095;2;734;2;52,5;25,6;1;381;2;27,3;37,2;1;143;11;6,1;4,4;10,5;2;na;na;_ 0.096;_0.0035;2;0;0;0;0;1;9,6;na;na;na;na;na;S0002
2018.Run02.Roos.en.Opti.S0003;GTGGTATGGGAGACTTTAAGGGTG;GGACTACHVGGGTWTCTAAT;P16-52861;QIAamp_DNA_Stool_mini_kit_protocol_B;Feces;201802Roos;36,3026;1,037217143;20.02.2018;Yes;;487;1;07.21.1988;29;20_29;1;0;0;0;0;0;0;0;0;1;0;0;0;0;0;0;1;0;1,1;1;na;na;839;2;na;na;na;na;na;na;na;na;na;na;na;na;na;na;na;na;na;na;1;0;0;0;0;1;9,15;0,32;na;na;na;na;S0003
2018.Run02.Roos.en.Opti.S0004;ACTTTAAGGGTGGAGCAACATCCT;GGACTACHVGGGTWTCTAAT;P16-54748;QIAamp_DNA_Stool_mini_kit_protocol_B;Feces;201802Roos;36,2474;1,03564;20.02.2018;Yes;;507;1;03.07.1970;47;40_49;1;0;0;0;0;0;0;0;1;0;0;0;0;0;0;0;0;1;_0.30;0;na;na;152;1;na;na;na;314;2;na;na;na;na;na;na;na;na;na;na;na;_ 0.096;_0.0035;1;0;1;0;0;1;11,7;na;na;na;na;na;S0004
2018.Run02.Roos.en.Opti.S0005;GAGCAACATCCTTGTTGCGTTTCT;GGACTACHVGGGTWTCTAAT;P16-59492;QIAamp_DNA_Stool_mini_kit_protocol_B;Feces;201802Roos;34,9394;1,164646667;20.02.2018;Yes;;522;1;08.11.1991;26;20_29;2;0;0;0;0;0;0;0;0;1;0;0;0;0;0;0;0;1;0,5;1;na;na;na;na;na;na;na;na;na;na;na;na;na;na;na;na;na;na;na;na;na;na;1;0;0;0;0;1;6,66;0,23;na;na;na;na;S0005
2018.Run02.Roos.en.Opti.S0006;TGTTGCGTTTCTATGTCCGACCAA;GGACTACHVGGGTWTCTAAT;P16-58531;QIAamp_DNA_Stool_mini_kit_protocol_B;Feces;201802Roos;26,729;1,06916;20.02.2018;Yes;;454;1;02.12.1954;64;60_69;2;0;0;0;0;0;0;0;1;1;0;0;0;0;0;0;0;1;0,5;1;1526;2;1020;2;53,9;na;na;550;3;29,1;na;na;246;12,8;na;na;na;na;118;1;na;na;1;0;0;0;0;1;11,9;na;na;na;na;na;S0006
2018.Run02.Roos.en.Opti.S0007;ATGTCCGACCAAAGGTACGCAATT;GGACTACHVGGGTWTCTAAT;P16-58957;QIAamp_DNA_Stool_mini_kit_protocol_B;Feces;201802Roos;21,0162;1,05081;20.02.2018;Yes;;529;1;12.03.1991;26;20_29;2;0;0;0;0;0;0;0;0;1;0;0;0;0;0;0;0;1;1,2;1;1072;2;726;2;52,6;na;na;264;2;19,1;na;na;193;13,7;na;na;2,3;2;896;1;na;na;1;0;0;0;0;1;na;na;na;na;na;na;S0007
2018.Run02.Roos.en.Opti.S0008;CCTAAACTACGGCCATCACATAGG;GGACTACHVGGGTWTCTAAT;P16-64339;QIAamp_DNA_Stool_mini_kit_protocol_B;Feces;201802Roos;48,6354;0,972708;20.02.2018;Yes;;560;1;12.10.1977;40;40_49;2;0;0;0;0;0;0;0;0;1;0;0;0;0;0;0;0;1;0,4;1;1812;2;1155;3;48,6;na;na;504;3;21,2;na;na;541;21;na;na;na;na;na;na;na;na;1;0;0;0;0;1;8,45;0,84;na;na;na;na;S0008
2018.Run02.Roos.en.Opti.S0009;TGCAGATCCAACGTGGTATGGGAG;GGACTACHVGGGTWTCTAAT;P16-64999;QIAamp_DNA_Stool_mini_kit_protocol_B;Feces;201802Roos;15,2042;1,013613333;20.02.2018;Yes;;557;1;06.14.1991;26;20_29;1;0;0;0;0;0;0;0;0;1;0;0;0;0;0;0;0;1;0,3;1;955;2;596;1;46,7;52,7;2;335;2;26,3;42,9;1;146;12,1;1,2;0,9;2,1;2;7;0;0,31;_0.07;1;0;0;0;0;1;11,6;na;na;na;na;na;S0009
2018.Run02.Roos.en.Opti.S0010;CCATCACATAGGACTTTAAGGGTG;GGACTACHVGGGTWTCTAAT;P16-56564;QIAamp_DNA_Stool_mini_kit_protocol_B;Feces;201802Roos;77,2218;1,029624;20.02.2018;Yes;;k325;1;10.28.2001;16;10_19;1;0;0;0;0;0;0;0;0;1;0;0;0;0;0;0;0;1;0,48;1;1234;2;705;2;42;72;2;399;2;23,8;73,4;3;301;79;1,5;1,3;2,8;1;na;na;na;na;0;0;0;0;0;1;5,28;0,56;na;na;na;na;S0010
2018.Run02.Roos.en.Opti.S0011;GTGGTATGGGAGGAGCAACATCCT;GGACTACHVGGGTWTCTAAT;P16-57650;QIAamp_DNA_Stool_mini_kit_protocol_B;Feces;201802Roos;28,989;0,9663;20.02.2018;Yes;;k349;1;07.16.1998;19;10_19;1;0;0;0;0;0;0;0;0;1;0;0;0;0;0;0;0;1;0,37;1;1449;2;766;2;39,5;49,3;2;600;3;31;56,5;2;225;63;3,6;1,4;5;2;33;0;na;na;0;0;0;0;0;1;na;na;na;na;na;na;S0011
2018.Run02.Roos.en.Opti.S0012;ACTTTAAGGGTGTGTTGCGTTTCT;GGACTACHVGGGTWTCTAAT;P16-58389;QIAamp_DNA_Stool_mini_kit_protocol_B;Feces;201802Roos;32,4178;1,080593333;20.02.2018;Yes;;k297;3;12.08.2000;17;10_19;1;0;0;0;0;0;0;0;0;1;0;0;0;0;0;0;0;1;_0.07;0;1059;1;566;1;41,2;51,7;2;369;2;26,9;51,7;1;207;80;2,2;1,8;4;2;206;1;_ 0.096;_ 0.0035;1;0;0;0;0;6;10,7;0,26;na;na;na;na;S0012
2018.Run02.Roos.en.Opti.S0013;GAGCAACATCCTATGTCCGACCAA;GGACTACHVGGGTWTCTAAT;P16-61951;QIAamp_DNA_Stool_mini_kit_protocol_B;Feces;201802Roos;53,4074;1,068148;20.02.2018;Yes;;k290;1;03.26.2005;12;10_19;1;0;0;0;0;0;0;0;0;1;0;0;0;0;0;0;0;1;0,3;1;1658;2;1046;2;42,8;58,6;2;514;2;21;46,2;1;183;72;6,1;3;9,1;2;30;0;na;na;2;0;0;0;0;1;na;na;na;na;na;na;S0013
2018.Run02.Roos.en.Opti.S0014;TGTTGCGTTTCTAGGTACGCAATT;GGACTACHVGGGTWTCTAAT;P16-53191;QIAamp_DNA_Stool_mini_kit_protocol_B;Feces;201802Roos;20,6738;1,03369;20.02.2018;Yes;;567;1;11.05.1993;24;20_29;1;0;0;0;1;1;0;0;0;0;0;1;0;0;0;0;0;0;0,28;1;na;na;na;na;na;na;na;na;na;na;na;na;na;na;na;na;na;na;na;na;na;na;2;0;0;0;0;3;na;na;na;na;na;na;S0014
2018.Run02.Roos.en.Opti.S0015;ATGTCCGACCAAACAGCCACCCAT;GGACTACHVGGGTWTCTAAT;P16-53706;QIAamp_DNA_Stool_mini_kit_protocol_B;Feces;201802Roos;74,509;0,993453333;20.02.2018;Yes;;607;1;06.18.1969;48;40_49;1;0;0;0;1;0;0;1;1;0;0;0;0;0;1;0;0;0;_0.1;0;na;na;na;na;na;na;na;na;na;na;na;na;na;na;na;na;na;na;1640;1;0,23;_0.0035;2;0;0;0;0;3;7,38;na;na;na;na;na;S0015
2018.Run02.Roos.en.Opti.S0016;CCTAAACTACGGGTGGTATGGGAG;GGACTACHVGGGTWTCTAAT;P16-54711;QIAamp_DNA_Stool_mini_kit_protocol_B;Feces;201802Roos;61,497;1,02495;20.02.2018;Yes;;462;1;06.27.1996;21;20_29;1;0;0;0;1;0;0;1;0;0;0;1;0;0;0;0;0;0;0;0;811;2;609;1;36,9;10,8;1;204;1;26,6;24,1;1;261;21,7;0,1;0,2;0,3;1;59;0;na;na;1;0;0;0;0;3;na;na;na;na;na;na;S0016
2018.Run02.Roos.en.Opti.S0017;TGCAGATCCAACACTTTAAGGGTG;GGACTACHVGGGTWTCTAAT;P16-56932;QIAamp_DNA_Stool_mini_kit_protocol_B;Feces;201802Roos;47,977;1,066155556;20.02.2018;Yes;;532;1;01.15.1962;56;50-59;1;0;0;0;0;1;0;1;0;0;0;0;1;0;1;0;0;0;_0.1;0;na;na;na;na;na;na;na;na;na;na;na;na;na;na;na;na;na;na;58;0;na;na;2;0;0;0;0;3;na;na;na;na;na;na;S0017
2018.Run02.Roos.en.Opti.S0018;CCATCACATAGGGAGCAACATCCT;GGACTACHVGGGTWTCTAAT;P16-57543;QIAamp_DNA_Stool_mini_kit_protocol_B;Feces;201802Roos;12,6266;1,26266;20.02.2018;Yes;;552;1;08.27.1973;44;40_49;2;0;0;0;1;0;0;1;0;0;0;1;0;0;1;0;0;0;_0.03;0;921;2;353;1;28,8;25;1;516;3;42;9,6;1;206;17,6;5,9;1,3;7,2;2;303;1;na;na;2;0;0;0;0;3;8,43;na;na;na;na;na;S0018
2018.Run02.Roos.en.Opti.S0019;GTGGTATGGGAGTGTTGCGTTTCT;GGACTACHVGGGTWTCTAAT;P16-59343;QIAamp_DNA_Stool_mini_kit_protocol_B;Feces;201802Roos;48,017;0,96034;20.02.2018;Yes;;453;1;02.21.1975;43;40_49;1;0;0;1;1;1;1;1;0;0;0;0;0;0;0;0;0;1;_0.070;0;1603;2;657;2;32,2;na;na;875;3;43;na;na;295;15;0,9;0,4;1,3;2;na;na;na;na;2;0;0;0;0;3;na;na;na;na;na;na;S0019
2018.Run02.Roos.en.Opti.S0020;ACTTTAAGGGTGATGTCCGACCAA;GGACTACHVGGGTWTCTAAT;P16-58758;QIAamp_DNA_Stool_mini_kit_protocol_B;Feces;201802Roos;21,933;1,09665;20.02.2018;Yes;;452;1;02.06.1978;40;40_49;1;0;0;0;0;1;0;0;1;0;0;0;0;0;0;0;0;1;0,33;1;1509;2;892;2;41,1;na;na;580;3;26,7;na;na;267;12,6;3,1;5,8;8,9;2;0;0;na;na;1;0;0;0;0;1;6,62;na;na;na;na;na;S0020
2018.Run02.Roos.en.Opti.S0021;GAGCAACATCCTAGGTACGCAATT;GGACTACHVGGGTWTCTAAT;P16-60609;QIAamp_DNA_Stool_mini_kit_protocol_B;Feces;201802Roos;74,637;0,99516;20.02.2018;Yes;;592;1;07.06.1993;24;20_29;1;0;1;0;1;1;0;0;1;0;0;1;0;0;1;0;0;0;0,02;0;318;1;126;1;33,4;15,5;1;155;1;41,1;14,4;1;31;7,9;1,2;2,4;3,6;2;433;1;na;na;na;0;na;na;na;3;na;na;na;na;3,9;0;S0021
2018.Run02.Roos.en.Opti.S0022;TGTTGCGTTTCTACAGCCACCCAT;GGACTACHVGGGTWTCTAAT;P16-61147;QIAamp_DNA_Stool_mini_kit_protocol_B;Feces;201802Roos;60,8658;1,01443;20.02.2018;Yes;;602;1;07.13.1976;41;40_49;2;0;0;0;0;0;0;0;0;1;0;0;0;0;1;0;0;0;0,8;1;643;1;599;1;78,4;na;na;62;1;8,1;na;na;1;0,1;na;na;na;na;na;na;na;na;2;0;0;0;0;3;18,6;na;na;na;na;na;S0022
2018.Run02.Roos.en.Opti.S0023;ATGTCCGACCAATGTCTCGCAAGC;GGACTACHVGGGTWTCTAAT;P16-62647;QIAamp_DNA_Stool_mini_kit_protocol_B;Feces;201802Roos;33,4274;1,114246667;20.02.2018;Yes;;564;1;12.31.1958;59;50-59;2;0;0;0;0;1;0;0;0;0;0;1;0;0;0;0;0;0;_0.1;0;na;na;297;1;na;na;na;na;na;na;na;na;na;na;na;na;na;na;na;na;na;na;2;0;0;0;0;3;na;na;na;na;na;na;S0023
2018.Run02.Roos.en.Opti.S0024;CCTAAACTACGGACTTTAAGGGTG;GGACTACHVGGGTWTCTAAT;P16-53199;QIAamp_DNA_Stool_mini_kit_protocol_B;Feces;201802Roos;18,6026;0,93013;20.02.2018;Yes;;569;1;01.16.1985;33;30_39;2;0;0;0;1;0;0;1;0;0;1;0;0;1;1;0;0;0;0,3;1;na;na;329;1;0;4,3;1;175;1;20,1;23,5;1;78;9,7;1,3;1,9;3,2;2;47;0;na;na;2;1;0;0;0;4;na;na;na;na;na;na;S0024
2018.Run02.Roos.en.Opti.S0025;TGCAGATCCAACGAGCAACATCCT;GGACTACHVGGGTWTCTAAT;P16-57089;QIAamp_DNA_Stool_mini_kit_protocol_B;Feces;201802Roos;56,7898;0,946496667;20.02.2018;Yes;;C01;4;01.18.1967;51;50-59;2;0;0;0;0;0;0;0;0;1;0;0;0;0;0;0;0;1;2,5;1;na;na;na;na;na;na;na;na;na;na;na;na;na;na;na;na;na;na;na;na;na;na;0;0;0;0;0;9;na;na;na;na;na;na;S0025
2018.Run02.Roos.en.Opti.S0026;CCATCACATAGGTGTTGCGTTTCT;GGACTACHVGGGTWTCTAAT;P16-57797;QIAamp_DNA_Stool_mini_kit_protocol_B;Feces;201802Roos;48,9818;0,979636;20.02.2018;Yes;;C02;4;12.19.1996;21;20_29;1;0;0;0;0;0;0;0;0;1;0;0;0;0;0;0;0;1;1,3;1;na;na;na;na;na;na;na;na;na;na;na;na;na;na;na;na;na;na;na;na;na;na;0;0;0;0;0;9;na;na;na;na;na;na;S0026
2018.Run02.Roos.en.Opti.S0027;GTGGTATGGGAGATGTCCGACCAA;GGACTACHVGGGTWTCTAAT;P16-58645;QIAamp_DNA_Stool_mini_kit_protocol_B;Feces;201802Roos;28,7426;0,958086667;20.02.2018;Yes;;C03;4;08.29.1970;47;40_49;2;1;0;0;0;0;0;0;0;1;0;0;0;0;0;0;0;1;1,9;1;na;na;na;na;na;na;na;na;na;na;na;na;na;na;na;na;na;na;na;na;na;na;0;0;0;0;0;9;na;na;na;na;na;na;S0027
2018.Run02.Roos.en.Opti.S0028;ACTTTAAGGGTGAGGTACGCAATT;GGACTACHVGGGTWTCTAAT;P16-60904;QIAamp_DNA_Stool_mini_kit_protocol_B;Feces;201802Roos;51,9162;1,038324;20.02.2018;Yes;;C04;4;07.09.1978;39;30_39;1;1;0;0;0;0;0;0;0;1;0;0;0;0;0;0;0;1;na;na;na;na;na;na;na;na;na;na;na;na;na;na;na;na;na;na;na;na;na;na;na;na;0;0;0;0;0;9;na;na;na;na;na;na;S0028
2018.Run02.Roos.en.Opti.S0029;GAGCAACATCCTACAGCCACCCAT;GGACTACHVGGGTWTCTAAT;P16-64978;QIAamp_DNA_Stool_mini_kit_protocol_B;Feces;201802Roos;26,2058;1,048232;20.02.2018;Yes;;C05;4;01.14.1975;43;40_49;2;1;0;0;0;0;0;0;0;1;0;0;0;0;0;0;0;1;3,5;1;na;na;na;na;na;na;na;na;na;na;na;na;na;na;na;na;na;na;na;na;na;na;0;0;0;0;0;9;na;na;na;na;na;na;S0029
2018.Run02.Roos.en.Opti.S0030;TGTTGCGTTTCTTGTCTCGCAAGC;GGACTACHVGGGTWTCTAAT;P16-59840;QIAamp_DNA_Stool_mini_kit_protocol_B;Feces;201802Roos;69,5194;0,993134286;20.02.2018;Yes;;C07;4;08.28.1969;48;40_49;2;1;0;0;0;0;0;0;0;1;0;0;0;0;0;0;0;1;0,65;1;na;na;na;na;na;na;na;na;na;na;na;na;na;na;na;na;na;na;na;na;na;na;0;0;0;0;0;9;na;na;na;na;na;na;S0030
2018.Run02.Roos.en.Opti.S0031;ATGTCCGACCAAGAGGAGTAAAGC;GGACTACHVGGGTWTCTAAT;P16-60371;QIAamp_DNA_Stool_mini_kit_protocol_B;Feces;201802Roos;21,4178;1,07089;20.02.2018;Yes;;C09;4;08.02.1947;70;70_90;1;0;0;0;0;0;0;0;0;1;0;0;0;0;0;0;0;1;2,5;1;na;na;na;na;na;na;na;na;na;na;na;na;na;na;na;na;na;na;na;na;na;na;0;0;0;0;0;9;na;na;na;na;na;na;S0031
2018.Run02.Roos.en.Opti.S0032;CCTAAACTACGGGAGCAACATCCT;GGACTACHVGGGTWTCTAAT;P16-60763;QIAamp_DNA_Stool_mini_kit_protocol_B;Feces;201802Roos;42,3794;1,059485;20.02.2018;Yes;;C12;4;06.27.1978;39;30_39;2;1;0;0;0;0;0;0;0;1;0;0;0;0;0;0;0;1;na;na;na;na;na;na;na;na;na;na;na;na;na;na;na;na;na;na;na;na;na;na;na;na;0;0;0;0;0;9;na;na;na;na;na;na;S0032
2018.Run02.Roos.en.Opti.S0033;TGCAGATCCAACTGTTGCGTTTCT;GGACTACHVGGGTWTCTAAT;P16-62213;QIAamp_DNA_Stool_mini_kit_protocol_B;Feces;201802Roos;26,7754;1,071016;20.02.2018;Yes;;C13;4;10.20.1971;46;40_49;2;1;0;0;0;0;0;0;0;1;0;0;0;0;0;0;0;1;2,2;1;na;na;na;na;na;na;na;na;na;na;na;na;na;na;na;na;na;na;na;na;na;na;0;0;0;0;0;9;na;na;na;na;na;na;S0033
2018.Run02.Roos.en.Opti.S0034;CCATCACATAGGATGTCCGACCAA;GGACTACHVGGGTWTCTAAT;P16-62646;QIAamp_DNA_Stool_mini_kit_protocol_B;Feces;201802Roos;54,161;1,08322;20.02.2018;Yes;;C14;4;03.10.1955;62;60_69;1;0;0;0;0;0;0;0;0;1;0;0;0;0;0;0;0;1;2,6;1;na;na;na;na;na;na;na;na;na;na;na;na;na;na;na;na;na;na;na;na;na;na;0;0;0;0;0;9;na;na;na;na;na;na;S0034
2018.Run02.Roos.en.Opti.S0035;GTGGTATGGGAGAGGTACGCAATT;GGACTACHVGGGTWTCTAAT;1149;QIAamp_DNA_Stool_mini_kit_protocol_B;Feces;201802Roos;13,8578;0,923853333;20.02.2018;Yes;;r1149;1;01.21.1989;29;20_29;2;0;0;0;0;0;0;0;0;1;0;0;0;0;0;0;0;1;0,01;0;1,31;2;na;na;0;na;na;0,69;3;na;na;na;0,2;na;na;na;na;na;na;na;na;na;1;0;0;0;0;1;na;na;na;na;na;na;S0035
2018.Run02.Roos.en.Opti.S0036;ACTTTAAGGGTGACAGCCACCCAT;GGACTACHVGGGTWTCTAAT;1700;QIAamp_DNA_Stool_mini_kit_protocol_B;Feces;201802Roos;33,037;1,101233333;20.02.2018;Yes;;r1700;1;03.08.1967;50;50-59;1;na;0;0;0;0;0;0;0;1;0;0;0;0;0;0;0;1;0,51;1;0,61;1;na;na;0;na;na;0,12;1;na;na;na;0,13;na;na;na;na;na;na;na;na;na;2;0;0;0;0;1;na;na;na;na;na;na;S0036
2018.Run02.Roos.en.Opti.S0037;GAGCAACATCCTTGTCTCGCAAGC;GGACTACHVGGGTWTCTAAT;1787;QIAamp_DNA_Stool_mini_kit_protocol_B;Feces;201802Roos;12,177;1,2177;20.02.2018;Yes;;r1787;1;01.08.1949;69;60_69;2;na;0;0;0;0;0;0;0;1;0;0;0;0;0;0;0;1;_0.01;0;1,16;2;na;na;0;na;na;0,4;2;na;na;na;0,19;na;na;na;na;na;na;na;na;na;1;0;0;0;0;1;na;na;na;na;na;na;S0037
2018.Run02.Roos.en.Opti.S0038;TGTTGCGTTTCTGAGGAGTAAAGC;GGACTACHVGGGTWTCTAAT;2140;QIAamp_DNA_Stool_mini_kit_protocol_B;Feces;201802Roos;24,6482;0,985928;20.02.2018;Yes;;r2140;1;10.20.1955;62;60_69;2;na;0;0;0;0;0;0;0;1;0;0;0;0;0;0;0;1;0,58;1;0,65;1;na;na;0;na;na;0,17;1;na;na;na;0,07;na;na;na;na;na;na;na;na;na;1;0;0;1;1;2;na;na;na;na;na;na;S0038
2018.Run02.Roos.en.Opti.S0039;ATGTCCGACCAAGTTACGTGGTTG;GGACTACHVGGGTWTCTAAT;90-840;QIAamp_DNA_Stool_mini_kit_protocol_B;Feces;201802Roos;38,1242;0,953105;20.02.2018;Yes;;r90-840;1;03.06.1961;56;50-59;2;0;0;0;0;0;0;0;0;1;0;1;0;0;0;0;0;0;_0.05;0;0,89;2;na;na;0;na;na;0,37;2;na;na;na;0,3;na;na;na;na;na;na;na;na;na;2;1;0;0;0;4;na;na;na;na;na;na;S0039
2018.Run02.Roos.en.Opti.S0040;CCTAAACTACGGTGTTGCGTTTCT;GGACTACHVGGGTWTCTAAT;2180;QIAamp_DNA_Stool_mini_kit_protocol_B;Feces;201802Roos;20,0018;1,00009;20.02.2018;Yes;;r2180;1;07.09.1956;61;60_69;2;na;0;0;0;0;0;0;0;1;0;0;0;0;0;0;0;1;na;na;na;na;na;na;na;na;na;na;na;na;na;na;na;na;na;na;na;na;na;na;na;na;0;0;0;0;0;1;na;na;na;na;na;na;S0040
2018.Run02.Roos.en.Opti.S0041;TGCAGATCCAACATGTCCGACCAA;GGACTACHVGGGTWTCTAAT;1433;QIAamp_DNA_Stool_mini_kit_protocol_B;Feces;201802Roos;40,8818;1,022045;20.02.2018;Yes;;r1433;1;03.02.1974;43;40_49;2;0;0;0;0;0;0;0;0;1;0;0;0;0;0;0;0;1;_0.010;0;0,87;2;na;na;0;na;na;0,46;2;na;na;na;0,13;na;na;na;na;na;na;na;na;na;1;1;0;0;0;2;na;na;na;na;na;na;S0041
2018.Run02.Roos.en.Opti.S0042;CCATCACATAGGAGGTACGCAATT;GGACTACHVGGGTWTCTAAT;1382;QIAamp_DNA_Stool_mini_kit_protocol_B;Feces;201802Roos;41,2226;1,030565;20.02.2018;Yes;;r1382;1;01.15.1948;70;70_89;1;1;0;0;0;0;0;1;0;0;0;0;0;0;0;0;0;1;na;na;na;na;na;na;na;na;na;na;na;na;na;na;na;na;na;na;na;na;na;na;na;na;na;0;0;0;0;3;na;na;na;na;na;na;S0042
2018.Run02.Roos.en.Opti.S0043;GTGGTATGGGAGACAGCCACCCAT;GGACTACHVGGGTWTCTAAT;1373;QIAamp_DNA_Stool_mini_kit_protocol_B;Feces;201802Roos;27,453;1,09812;20.02.2018;Yes;;r1373;1;07.25.1977;40;40_49;1;1;0;0;1;0;0;1;0;0;0;0;0;0;0;0;0;1;na;na;na;na;na;na;na;na;na;na;na;na;na;na;na;na;na;na;na;na;na;na;na;na;na;0;0;0;0;3;na;na;na;na;na;na;S0043
2018.Run02.Roos.en.Opti.S0044;ACTTTAAGGGTGTGTCTCGCAAGC;GGACTACHVGGGTWTCTAAT;771;QIAamp_DNA_Stool_mini_kit_protocol_B;Feces;201802Roos;58,8474;0,98079;20.02.2018;Yes;;r0771;1;03.06.1965;52;50-59;1;0;0;0;0;0;0;0;0;1;0;1;0;0;0;0;0;0;na;na;na;na;na;na;na;na;na;na;na;na;na;na;na;na;na;na;na;na;na;na;na;na;2;0;0;0;0;3;na;na;na;na;na;na;S0044
2018.Run02.Roos.en.Opti.S0045;GAGCAACATCCTGAGGAGTAAAGC;GGACTACHVGGGTWTCTAAT;2160;QIAamp_DNA_Stool_mini_kit_protocol_B;Feces;201802Roos;40,9066;1,022665;20.02.2018;Yes;;r2160;1;01.18.1961;57;50-59;1;na;0;0;0;0;0;0;0;1;0;1;0;0;0;0;0;0;na;na;na;na;na;na;na;na;na;na;na;na;na;na;na;na;na;na;na;na;na;na;na;na;na;0;0;0;1;3;na;na;na;na;na;na;S0045
2018.Run02.Roos.en.Opti.S0046;TGTTGCGTTTCTGTTACGTGGTTG;GGACTACHVGGGTWTCTAAT;CPID1;QIAamp_DNA_Stool_mini_kit_protocol_B;Feces;201802Roos;39,0674;0,976685;20.02.2018;Yes;;rC01;4;10.27.1983;34;30_39;2;1;0;0;0;0;0;0;0;1;0;0;0;0;0;0;0;1;na;na;na;na;na;na;na;na;na;na;na;na;na;na;na;na;na;na;na;na;na;na;na;na;0;0;0;0;0;9;na;na;na;na;na;na;S0046
2018.Run02.Roos.en.Opti.S0047;TGCAGATCCAACAGGTACGCAATT;GGACTACHVGGGTWTCTAAT;CPID2;QIAamp_DNA_Stool_mini_kit_protocol_B;Feces;201802Roos;29,121;0,9707;20.02.2018;Yes;;rC02;4;06.30.2004;13;10_19;2;1;na;0;0;0;0;0;0;1;0;0;0;0;0;0;0;1;na;na;na;na;na;na;na;na;na;na;na;na;na;na;na;na;na;na;na;na;na;na;na;na;0;0;0;0;0;9;na;na;na;na;na;na;S0047
2018.Run02.Roos.en.Opti.S0048;CCATCACATAGGACAGCCACCCAT;GGACTACHVGGGTWTCTAAT;CPID3;QIAamp_DNA_Stool_mini_kit_protocol_B;Feces;201802Roos;29,8378;0,994593333;20.02.2018;Yes;;rC03;4;05.02.2007;10;10_19;1;1;0;0;0;0;0;0;0;1;0;0;0;0;0;0;0;1;na;na;na;na;na;na;na;na;na;na;na;na;na;na;na;na;na;na;na;na;na;na;na;na;0;0;0;0;0;9;na;na;na;na;na;na;S0048
2018.Run02.Roos.en.Opti.S0049;GTGGTATGGGAGTGTCTCGCAAGC;GGACTACHVGGGTWTCTAAT;CPID4;QIAamp_DNA_Stool_mini_kit_protocol_B;Feces;201802Roos;34,4874;0,985354286;20.02.2018;Yes;;rC04;4;03.13.1972;45;40_49;1;0;0;0;0;0;0;0;0;1;0;0;0;0;0;0;0;1;na;na;na;na;na;na;na;na;na;na;na;na;na;na;na;na;na;na;na;na;na;na;na;na;0;0;0;0;0;9;na;na;na;na;na;na;S0049
2018.Run02.Roos.en.Opti.S0050;ACTTTAAGGGTGGAGGAGTAAAGC;GGACTACHVGGGTWTCTAAT;CPID5;QIAamp_DNA_Stool_mini_kit_protocol_B;Feces;201802Roos;35,129;1,003685714;20.02.2018;Yes;;rC05;4;12.28.1959;58;50-59;1;0;0;0;0;0;0;0;0;1;0;0;0;0;0;0;0;1;na;na;na;na;na;na;na;na;na;na;na;na;na;na;na;na;na;na;na;na;na;na;na;na;0;0;0;0;0;9;na;na;na;na;na;na;S0050
2018.Run02.Roos.en.Opti.S0051;GAGCAACATCCTGTTACGTGGTTG;GGACTACHVGGGTWTCTAAT;CPID6;QIAamp_DNA_Stool_mini_kit_protocol_B;Feces;201802Roos;27,1298;1,085192;20.02.2018;Yes;;rC06;4;12.24.1951;66;60_69;2;0;0;0;0;0;0;0;0;1;0;0;0;0;0;0;0;1;na;na;na;na;na;na;na;na;na;na;na;na;na;na;na;na;na;na;na;na;na;na;na;na;0;0;0;0;1;9;na;na;na;na;na;na;S0051
2018.Run02.Roos.en.Opti.S0052;TGTTGCGTTTCTTACCGCCTCGGA;GGACTACHVGGGTWTCTAAT;CPID7;QIAamp_DNA_Stool_mini_kit_protocol_B;Feces;201802Roos;24,5386;0,981544;20.02.2018;Yes;;rC07;4;05.13.1951;66;60_69;1;0;0;0;0;0;0;0;0;1;0;0;0;0;0;0;0;1;na;na;na;na;na;na;na;na;na;na;na;na;na;na;na;na;na;na;na;na;na;na;na;na;0;0;0;0;1;9;na;na;na;na;na;na;S0052
2018.Run02.Roos.en.Opti.S0053;ATGTCCGACCAACGTAAGATGCCT;GGACTACHVGGGTWTCTAAT;P16-54523;QIAamp_DNA_Stool_mini_kit_protocol_B;Feces;201802Roos;24,7186;0,988744;20.02.2018;Yes;;284;1;03.13.1985;32;30_39;2;0;0;0;0;0;0;0;0;1;0;0;0;0;0;0;0;1;0,29;1;na;na;989;2;na;45,6;1;748;2;na;61,5;1;na;na;na;na;5,6;2;na;na;na;na;2;0;0;0;0;1;na;0,24;na;na;na;na;S0053
2018.Run02.Roos.en.Opti.S0054;CCTAAACTACGGAGGTACGCAATT;GGACTACHVGGGTWTCTAAT;P16-64047;QIAamp_DNA_Stool_mini_kit_protocol_B;Feces;201802Roos;40,0586;1,001465;20.02.2018;Yes;;603;1;10.28.1980;37;30_39;1;0;0;0;0;0;0;0;1;0;0;0;0;0;1;0;0;0;1,43;1;na;na;922;2;na;na;na;na;na;na;na;na;na;na;na;na;na;na;na;na;na;na;2;0;0;0;0;3;13,2;na;na;na;na;na;S0054
2018.Run02.Roos.en.Opti.S0055;TGCAGATCCAACACAGCCACCCAT;GGACTACHVGGGTWTCTAAT;P16-64251;QIAamp_DNA_Stool_mini_kit_protocol_B;Feces;201802Roos;55,3234;1,00588;20.02.2018;Yes;;t72;1;11.10.1971;46;40_49;1;0;0;1;1;0;0;1;0;0;0;0;0;0;0;0;0;0;_0.1;0;535;1;219;1;33;29,9;1;291;2;43,8;25,1;1;89;13,6;3,9;0,7;4,8;2;na;na;na;na;2;0;0;0;0;3;10,7;na;na;na;na;na;S0055
2018.Run02.Roos.en.Opti.S0056;CCATCACATAGGTGTCTCGCAAGC;GGACTACHVGGGTWTCTAAT;P17-54183;QIAamp_DNA_Stool_mini_kit_protocol_B;Feces;201802Roos;22,9122;1,14561;20.02.2018;Yes;;530;1;03.09.1994;23;20_29;1;0;0;0;0;0;0;0;0;1;0;0;0;0;0;0;0;1;0,3;1;1661;2;743;2;35,8;30,4;1;696;3;33,5;23,4;1;326;15,8;5;2,7;7,7;2;na;na;na;na;1;0;0;0;0;1;na;na;na;na;na;na;S0056
2018.Run02.Roos.en.Opti.S0057;GTGGTATGGGAGGAGGAGTAAAGC;GGACTACHVGGGTWTCTAAT;P16-52969;QIAamp_DNA_Stool_mini_kit_protocol_B;Feces;201802Roos;19,5778;0,97889;20.02.2018;Yes;;570;1;09.04.1981;36;30_39;2;0;0;1;1;1;0;0;0;0;1;1;0;0;0;0;0;0;0,49;1;1120;2;541;1;43,9;18,6;1;512;3;41,5;24,1;1;36;2,8;na;na;0,5;1;na;na;na;na;1;1;0;0;0;4;na;na;na;na;na;na;S0057
2018.Run02.Roos.en.Opti.S0058;ACTTTAAGGGTGGTTACGTGGTTG;GGACTACHVGGGTWTCTAAT;P16-53444;QIAamp_DNA_Stool_mini_kit_protocol_B;Feces;201802Roos;21,5962;1,07981;20.02.2018;Yes;;564;1;12.31.1958;59;50-59;2;0;0;0;0;1;0;0;0;0;0;1;0;0;0;0;0;0;_0.1;0;na;na;297;1;na;na;na;na;na;na;na;na;na;na;na;na;na;na;na;na;na;na;2;1;0;0;0;4;na;na;na;na;na;na;S0058
2018.Run02.Roos.en.Opti.S0059;GAGCAACATCCTTACCGCCTCGGA;GGACTACHVGGGTWTCTAAT;P16-53856;QIAamp_DNA_Stool_mini_kit_protocol_B;Feces;201802Roos;32,0466;1,06822;20.02.2018;Yes;;k299;1;07.30.1998;19;10_19;2;0;0;0;0;0;0;0;0;1;0;1;0;0;0;0;1;0;0,5;1;319;1;173;1;35,4;27,4;1;98;98;19,9;68,1;2;117;73;0,8;0,5;1,3;2;_30;0;na;na;2;1;0;0;0;4;na;na;na;na;14;0;S0059
2018.Run02.Roos.en.Opti.S0060;TGTTGCGTTTCTCGTAAGATGCCT;GGACTACHVGGGTWTCTAAT;P16-55903;QIAamp_DNA_Stool_mini_kit_protocol_B;Feces;201802Roos;26,5346;1,061384;20.02.2018;Yes;;t35;1;03.07.1979;38;30_39;1;0;0;0;0;1;0;0;0;0;0;0;0;0;1;0;0;0;0,07;0;1640;2;573;1;27,8;10,5;1;931;3;45,2;5,8;1;48;2,3;na;na;na;na;na;na;na;na;2;1;0;0;1;4;9,04;na;na;na;na;na;S0060
2018.Run02.Roos.en.Opti.S0061;ATGTCCGACCAATACCGGCTTGCA;GGACTACHVGGGTWTCTAAT;P16-56067;QIAamp_DNA_Stool_mini_kit_protocol_B;Feces;201802Roos;8,6474;0,86474;21.02.2018;Yes;;458;1;04.16.1970;47;40_49;2;0;0;0;0;1;0;0;1;0;1;1;0;0;1;0;0;0;0,089;0;1402;2;1090;3;63,6;14,2;1;331;2;19,3;23,7;1;49;3,2;na;na;0,7;1;142;1;na;na;2;0;0;1;0;4;na;na;na;na;na;na;S0061
2018.Run02.Roos.en.Opti.S0062;CCTAAACTACGGACAGCCACCCAT;GGACTACHVGGGTWTCTAAT;P16-56516;QIAamp_DNA_Stool_mini_kit_protocol_B;Feces;201802Roos;23,429;1,17145;20.02.2018;Yes;;580;2;02.23.1978;40;30_39;1;1;0;0;0;0;0;0;1;1;0;0;0;0;0;0;0;1;na;na;1358;2;865;2;54,1;39,6;1;305;2;19,1;34;1;0;0;na;na;0;1;na;na;na;na;2;0;0;1;0;5;na;na;na;na;na;na;S0062
2018.Run02.Roos.en.Opti.S0063;TGCAGATCCAACTGTCTCGCAAGC;GGACTACHVGGGTWTCTAAT;P16-56562;QIAamp_DNA_Stool_mini_kit_protocol_B;Feces;201802Roos;21,313;1,06565;20.02.2018;Yes;;k310;2;02.08.2004;14;10_19;1;0;0;0;0;0;0;0;0;1;0;1;0;0;0;0;0;0;_0.05;0;2457;2;1297;2;47,9;87,6;3;na;na;32,4;na;na;na;na;na;na;na;na;na;na;na;na;2;0;0;0;0;5;7,88;na;na;na;na;na;S0063
2018.Run02.Roos.en.Opti.S0064;CCATCACATAGGGAGGAGTAAAGC;GGACTACHVGGGTWTCTAAT;P16-57084;QIAamp_DNA_Stool_mini_kit_protocol_B;Feces;201802Roos;11,7714;1,17714;20.02.2018;Yes;;471;2;04.15.1979;38;30_39;1;0;0;0;0;0;0;0;0;1;0;0;0;0;0;0;1;1;_0.070;0;na;na;na;na;na;na;na;na;na;na;na;na;na;na;na;na;na;na;na;na;na;na;2;1;0;0;0;5;9,53;na;na;na;na;na;S0064
2018.Run02.Roos.en.Opti.S0065;GTGGTATGGGAGGTTACGTGGTTG;GGACTACHVGGGTWTCTAAT;P16-57518;QIAamp_DNA_Stool_mini_kit_protocol_B;Feces;201802Roos;24,465;0,9786;20.02.2018;Yes;;477;1;03.04.1980;37;30_39;2;0;0;0;0;1;0;0;0;1;0;1;0;0;0;0;0;0;0,44;1;692;1;418;1;43,9;29,1;1;240;2;25,2;35,3;1;106;10,9;3,3;1,7;5;2;na;na;na;na;2;1;1;0;0;3;na;na;na;na;na;na;S0065
2018.Run02.Roos.en.Opti.S0066;ACTTTAAGGGTGTACCGCCTCGGA;GGACTACHVGGGTWTCTAAT;P16-57631;QIAamp_DNA_Stool_mini_kit_protocol_B;Feces;201802Roos;13,493;1,3493;21.02.2018;Yes;;k289;2;11.21.2007;10;10_19;1;0;0;0;0;0;0;0;0;1;0;0;0;0;0;0;0;1;_0.070;0;na;na;na;na;na;na;na;na;na;na;na;na;na;na;na;na;na;na;na;na;na;na;1;0;0;0;0;5;11,7;na;na;na;na;na;S0066
2018.Run02.Roos.en.Opti.S0067;GAGCAACATCCTCGTAAGATGCCT;GGACTACHVGGGTWTCTAAT;P16-57791;QIAamp_DNA_Stool_mini_kit_protocol_B;Feces;201802Roos;36,7922;0,919805;20.02.2018;Yes;;517;1;11.13.1978;39;30_39;1;0;0;1;1;0;0;0;1;0;0;0;0;0;1;0;0;0;_0.070;0;731;2;248;1;28,1;na;na;403;2;45,5;na;na;104;10,8;na;na;1,2;2;na;na;na;na;2;1;1;0;0;4;na;na;na;na;na;na;S0067
2018.Run02.Roos.en.Opti.S0068;TGTTGCGTTTCTTACCGGCTTGCA;GGACTACHVGGGTWTCTAAT;P16-57799;QIAamp_DNA_Stool_mini_kit_protocol_B;Feces;201802Roos;15,0642;1,00428;20.02.2018;Yes;;C02;4;12.19.1996;21;20_29;1;0;0;0;0;0;0;0;0;1;0;0;0;0;0;0;0;1;1,3;1;na;na;na;na;na;na;na;na;na;na;na;na;na;na;na;na;na;na;na;na;na;na;0;0;0;0;0;9;na;na;na;na;na;na;S0068
2018.Run02.Roos.en.Opti.S0069;ATGTCCGACCAAATCTAGTGGCAA;GGACTACHVGGGTWTCTAAT;P16-58370;QIAamp_DNA_Stool_mini_kit_protocol_B;Feces;201802Roos;11,3066;1,13066;20.02.2018;Yes;;579;2;10.28.1982;35;30_39;1;1;0;0;0;0;0;0;0;1;0;0;0;0;0;0;0;1;na;na;1423;2;923;2;48,6;46,9;1;408;2;21,5;47,4;1;0;0;na;na;na;na;na;na;na;na;2;0;0;0;0;5;na;na;na;na;na;na;S0069
2018.Run02.Roos.en.Opti.S0070;CCTAAACTACGGTGTCTCGCAAGC;GGACTACHVGGGTWTCTAAT;P16-58647;QIAamp_DNA_Stool_mini_kit_protocol_B;Feces;201802Roos;12,6034;1,26034;20.02.2018;Yes;;k336;2;03.23.2003;14;10_19;1;1;0;0;0;0;0;0;0;1;0;0;0;0;0;0;0;1;_0.070;0;791;1;488;1;56,9;65,6;2;256;2;29,9;79,3;2;na;na;na;na;na;na;na;na;na;na;1;1;0;0;0;5;na;na;na;na;na;na;S0070
2018.Run02.Roos.en.Opti.S0071;TGCAGATCCAACGAGGAGTAAAGC;GGACTACHVGGGTWTCTAAT;P16-59190;QIAamp_DNA_Stool_mini_kit_protocol_B;Feces;201802Roos;33,2738;1,109126667;20.02.2018;Yes;;474;1;10.29.1973;44;40_49;2;0;0;0;0;1;0;0;0;0;0;0;0;0;1;0;0;0;0;0;1434;2;1049;2;55,8;37,9;1;305;2;16,2;53,9;2;301;15,5;7,3;1,2;8,5;2;537;1;na;na;2;0;0;1;1;4;9,68;na;na;na;na;na;S0071
2018.Run02.Roos.en.Opti.S0072;CCATCACATAGGGTTACGTGGTTG;GGACTACHVGGGTWTCTAAT;P16-59934;QIAamp_DNA_Stool_mini_kit_protocol_B;Feces;201802Roos;36,8314;1,052325714;20.02.2018;Yes;;k315;2;12.01.2002;15;10_19;1;0;0;0;0;0;0;0;0;1;0;0;0;0;0;0;0;1;0,05;0;na;na;na;na;na;na;na;na;na;na;na;na;na;na;na;na;na;na;na;na;na;na;1;1;0;0;0;5;11;0,04;na;na;na;na;S0072
2018.Run02.Roos.en.Opti.S0073;GTGGTATGGGAGTACCGCCTCGGA;GGACTACHVGGGTWTCTAAT;P16-60220;QIAamp_DNA_Stool_mini_kit_protocol_B;Feces;201802Roos;4,513;0,9026;20.02.2018;Yes;;528;1;01.15.1977;41;40_49;2;1;0;0;0;0;0;0;0;1;0;0;0;0;0;0;0;1;_0.03;0;1223;2;680;2;49,9;78,9;3;491;2;36,1;70,3;2;1;0,1;na;na;na;na;50;0;na;na;1;1;0;1;0;2;na;na;na;na;na;na;S0073
2018.Run02.Roos.en.Opti.S0074;ACTTTAAGGGTGCGTAAGATGCCT;GGACTACHVGGGTWTCTAAT;P16-60490;QIAamp_DNA_Stool_mini_kit_protocol_B;Feces;201802Roos;19,0346;0,95173;20.02.2018;Yes;;476;1;09.21.1951;66;60_69;2;0;0;0;0;1;0;0;0;0;0;0;0;0;0;0;1;1;0,52;1;na;na;247;1;na;na;na;na;na;na;na;na;na;na;na;na;na;na;na;na;na;na;1;1;0;1;1;2;9,34;na;na;na;na;na;S0074
2018.Run02.Roos.en.Opti.S0075;GAGCAACATCCTTACCGGCTTGCA;GGACTACHVGGGTWTCTAAT;P16-60765;QIAamp_DNA_Stool_mini_kit_protocol_B;Feces;201802Roos;31,005;1,0335;20.02.2018;Yes;;k294;2;12.07.2007;10;10_19;1;1;0;0;0;0;0;0;0;1;0;0;0;0;0;0;0;1;0,13;1;2774;2;1715;3;54,9;66,4;2;1008;2;32,3;75,9;2;31;0;0;0;0;1;137;1;na;na;2;1;0;0;0;5;10,6;na;na;na;3,2;0;S0075
2018.Run02.Roos.en.Opti.S0076;TGTTGCGTTTCTATCTAGTGGCAA;GGACTACHVGGGTWTCTAAT;P16-60908;QIAamp_DNA_Stool_mini_kit_protocol_B;Feces;201802Roos;7,5906;1,51812;20.02.2018;Yes;;k316;1;09.01.2008;9;7_9;2;1;0;0;0;0;0;0;0;1;0;1;0;0;0;0;0;0;0,42;1;2530;2;1837;3;48,5;58,1;2;655;2;17,3;54,6;1;865;76;0,5;0,2;0,7;1;219;1;na;na;2;0;0;1;0;4;na;na;na;na;na;na;S0076
2018.Run02.Roos.en.Opti.S0077;ATGTCCGACCAACCAGGGACTTCT;GGACTACHVGGGTWTCTAAT;P16-62212;QIAamp_DNA_Stool_mini_kit_protocol_B;Feces;201802Roos;19,433;0,97165;20.02.2018;Yes;;k326;1;07.20.2003;14;10_19;2;1;0;0;0;0;0;0;0;1;1;1;0;0;0;0;0;0;0,15;1;344;1;227;1;52,2;9,4;1;116;1;26,7;60,4;2;56;77;1,9;0,4;2,3;2;51;0;na;na;0;1;1;1;0;4;na;na;na;na;0;0;S0077
2018.Run02.Roos.en.Opti.S0078;CCTAAACTACGGGAGGAGTAAAGC;GGACTACHVGGGTWTCTAAT;P16-62356;QIAamp_DNA_Stool_mini_kit_protocol_B;Feces;201802Roos;53,069;1,06138;20.02.2018;Yes;;576;1;02.27.1957;61;60_69;1;0;0;0;0;0;0;0;0;1;0;0;0;0;0;0;0;1;0,1;1;na;na;na;na;na;na;na;na;na;na;na;na;na;na;na;na;na;na;na;na;na;na;2;0;0;0;1;4;na;na;na;na;na;na;S0078
2018.Run02.Roos.en.Opti.S0079;TGCAGATCCAACGTTACGTGGTTG;GGACTACHVGGGTWTCTAAT;P16-63830;QIAamp_DNA_Stool_mini_kit_protocol_B;Feces;201802Roos;8,889;0,8889;20.02.2018;Yes;;569;1;01.16.1985;33;30_39;2;0;0;0;1;0;0;1;0;0;1;0;0;1;1;0;0;0;0,3;1;na;na;329;1;0;4,3;1;175;1;20,1;23,5;1;78;9,7;1,3;1,9;3,2;2;47;0;na;na;1;0;0;0;0;3;8,07;na;na;na;na;na;S0079
2018.Run02.Roos.en.Opti.S0080;CCATCACATAGGTACCGCCTCGGA;GGACTACHVGGGTWTCTAAT;P16-64060;QIAamp_DNA_Stool_mini_kit_protocol_B;Feces;201802Roos;12,2298;1,22298;20.02.2018;Yes;;593;1;05.05.1953;64;60_69;2;0;0;0;0;0;0;0;0;1;0;0;0;0;0;0;0;1;0,5;1;na;na;na;na;na;na;na;na;na;na;na;na;na;na;na;na;na;na;na;na;na;na;2;1;0;0;0;2;na;na;na;na;0,5;0;S0080
2018.Run02.Roos.en.Opti.S0081;GTGGTATGGGAGCGTAAGATGCCT;GGACTACHVGGGTWTCTAAT;P16-64548;QIAamp_DNA_Stool_mini_kit_protocol_B;Feces;201802Roos;55,2274;1,004134546;20.02.2018;Yes;;t156;1;11.22.1980;37;30_39;2;0;0;0;0;0;0;0;1;0;0;1;0;0;1;0;0;0;_0.030;0;1157;2;750;2;51,9;46,8;1;383;2;26,5;57;2;108;7,9;0,2;0,2;0,4;1;786;1;na;na;1;1;0;1;1;4;na;na;786;1;na;na;S0081
2018.Run02.Roos.en.Opti.S0082;ACTTTAAGGGTGTACCGGCTTGCA;GGACTACHVGGGTWTCTAAT;P16-64555;QIAamp_DNA_Stool_mini_kit_protocol_B;Feces;201802Roos;40,9642;1,024105;20.02.2018;Yes;;k301;1;01.02.2002;16;10_19;1;0;0;1;1;0;0;1;0;0;0;1;0;1;0;0;0;0;0,15;1;4279;3;1932;3;29,7;11,3;1;1215;3;20;5,7;2;1884;84;0,3;0,1;3,3;2;na;na;na;na;2;1;0;0;0;4;10,6;0,077;na;na;1,5;0;S0082
2018.Run02.Roos.en.Opti.S0083;GAGCAACATCCTATCTAGTGGCAA;GGACTACHVGGGTWTCTAAT;P16-64975;QIAamp_DNA_Stool_mini_kit_protocol_B;Feces;201802Roos;24,0506;1,20253;20.02.2018;Yes;;k353;1;02.11.2005;13;10_19;1;1;0;0;0;0;0;1;0;0;0;0;0;0;1;0;0;0;0,41;1;1736;2;783;2;31,6;63,7;2;611;2;24,6;78,6;2;571;38;4,1;2,9;7;2;508;1;na;na;2;0;0;1;1;4;na;na;508;1;0;0;S0083
2018.Run02.Roos.en.Opti.S0084;TGTTGCGTTTCTCCAGGGACTTCT;GGACTACHVGGGTWTCTAAT;P16-64983;QIAamp_DNA_Stool_mini_kit_protocol_B;Feces;201802Roos;12,5474;1,25474;20.02.2018;Yes;;465;1;03.29.1950;67;60_69;2;0;0;0;0;1;0;0;1;0;0;0;0;0;0;0;0;1;1,6;1;1603;2;471;1;24,8;na;na;1083;3;57,1;na;na;49;2,5;na;na;na;na;na;na;na;na;2;1;0;0;1;2;na;na;na;na;na;na;S0084
2018.Run02.Roos.en.Opti.S0085;ATGTCCGACCAACACCTTACCTTA;GGACTACHVGGGTWTCTAAT;P16-65759;QIAamp_DNA_Stool_mini_kit_protocol_B;Feces;201802Roos;9,9954;0,99954;20.02.2018;Yes;;587;1;12.24.1948;69;60_69;1;0;0;0;0;1;0;0;0;0;0;0;0;0;1;0;0;0;0,5;1;na;na;na;na;na;na;na;na;na;na;na;na;na;na;na;na;na;na;1520;1;na;na;na;1;na;na;na;4;na;na;na;na;na;na;S0085
2018.Run02.Roos.en.Opti.S0086;CCTAAACTACGGGTTACGTGGTTG;GGACTACHVGGGTWTCTAAT;P16-66043;QIAamp_DNA_Stool_mini_kit_protocol_B;Feces;201802Roos;9,8674;0,98674;20.02.2018;Yes;;k330;1;12.29.2001;16;10_19;2;1;0;0;0;0;0;0;0;1;0;0;0;0;0;0;0;1;0,18;1;1255;2;917;2;44,5;61;2;549;2;25,9;79,3;3;204;78;1,2;1,6;2,6;1;_30;0;na;na;2;1;0;0;0;2;11,4;na;na;na;na;na;S0086
2018.Run02.Roos.en.Opti.S0087;TGCAGATCCAACTACCGCCTCGGA;GGACTACHVGGGTWTCTAAT;P16-66063;QIAamp_DNA_Stool_mini_kit_protocol_B;Feces;201802Roos;6,5797;1,31594;20.02.2018;Yes;;k384;1;03.19.2002;15;10_19;1;1;0;0;0;0;0;0;0;1;0;0;0;0;0;0;0;1;0,2;1;969;1;435;1;30,7;65,2;2;423;2;29,8;77,7;2;223;63;1,8;5,3;7,1;2;na;na;na;na;1;0;0;0;0;1;13;na;na;na;0;0;S0087
2018.Run02.Roos.en.Opti.S0088;CCATCACATAGGCGTAAGATGCCT;GGACTACHVGGGTWTCTAAT;P16-66064;QIAamp_DNA_Stool_mini_kit_protocol_B;Feces;201802Roos;8,1093;1,62186;20.02.2018;Yes;;k385;1;09.10.1998;19;10_19;1;1;0;0;0;0;0;0;0;1;0;0;0;0;0;0;0;1;0,2;1;1295;2;659;2;37,1;53,8;2;513;3;28,9;62,2;2;247;73;3,1;4,6;7,7;2;na;na;na;na;1;0;0;0;0;1;14,1;1,1;na;na;0;0;S0088
2018.Run02.Roos.en.Opti.S0089;GTGGTATGGGAGTACCGGCTTGCA;GGACTACHVGGGTWTCTAAT;P16-66301;QIAamp_DNA_Stool_mini_kit_protocol_B;Feces;201802Roos;30,9053;1,030176667;20.02.2018;Yes;;554;3;12.31.1972;45;40_49;1;0;0;0;0;0;0;0;1;0;0;0;0;0;0;0;0;1;_0.050;0;na;na;na;na;na;na;na;na;na;na;na;na;na;na;na;na;na;na;na;na;0,12;0;0;0;0;0;0;6;15,2;na;na;na;0;0;S0089
2018.Run02.Roos.en.Opti.S0090;ACTTTAAGGGTGATCTAGTGGCAA;GGACTACHVGGGTWTCTAAT;P16-66511;QIAamp_DNA_Stool_mini_kit_protocol_B;Feces;201802Roos;7,5893;1,51786;20.02.2018;Yes;;k335;4;06.21.2004;13;10_19;1;1;0;0;0;0;0;0;0;1;0;0;0;0;0;0;0;1;0,55;1;1571;2;na;na;43,7;70,6;2;na;na;26,6;89,1;3;465;61;4,1;2,2;6,3;2;51;0;na;na;0;0;0;0;0;9;na;na;na;na;na;na;S0090
2018.Run02.Roos.en.Opti.S0091;GAGCAACATCCTCCAGGGACTTCT;GGACTACHVGGGTWTCTAAT;P16-66512;QIAamp_DNA_Stool_mini_kit_protocol_B;Feces;201802Roos;9,1821;0,91821;20.02.2018;Yes;;C19;4;09.01.1970;47;40_49;1;1;0;0;0;0;0;0;0;1;0;0;0;0;0;0;0;1;na;na;na;na;na;na;na;na;na;na;na;na;na;na;na;na;na;na;na;na;na;na;na;na;0;0;0;0;0;9;na;na;na;na;na;na;S0091
2018.Run02.Roos.en.Opti.S0092;TGTTGCGTTTCTCACCTTACCTTA;GGACTACHVGGGTWTCTAAT;P16-66659;QIAamp_DNA_Stool_mini_kit_protocol_B;Feces;201802Roos;4,0637;0,81274;20.02.2018;Yes;;k335;4;06.21.2004;13;10_19;1;1;0;0;0;0;0;0;0;1;0;0;0;0;0;0;0;1;0,55;1;1571;2;na;na;43,7;70,6;2;na;na;26,6;89,1;3;465;61;4,1;2,2;6,3;2;51;0;na;na;0;0;0;0;0;9;na;na;na;na;na;na;S0092
2018.Run02.Roos.en.Opti.S0093;ATGTCCGACCAAATAGTTAGGGCT;GGACTACHVGGGTWTCTAAT;P16-66953;QIAamp_DNA_Stool_mini_kit_protocol_B;Feces;201802Roos;20,5685;1,028425;20.02.2018;Yes;;k285;1;12.20.2004;13;10_19;1;0;0;0;0;0;0;0;0;1;0;1;0;0;1;0;0;0;1,4;1;148;1;135;1;22,7;5,6;1;35;1;5,3;14;1;226;42;1,2;7,1;9,2;2;889;1;na;na;1;1;0;0;0;4;na;na;na;na;0,5;0;S0093
2018.Run02.Roos.en.Opti.S0094;TGCAGATCCAACTACCGGCTTGCA;GGACTACHVGGGTWTCTAAT;P16-67695;QIAamp_DNA_Stool_mini_kit_protocol_B;Feces;201802Roos;15,0597;1,00398;20.02.2018;Yes;;t1;1;11.12.2006;11;10_19;2;1;0;0;0;0;0;0;0;1;0;0;0;0;0;0;0;1;0,28;1;1687;2;na;na;37,9;53,3;2;na;na;21,7;53,9;1;434;69;4,4;2,9;7,3;2;0;0;na;na;0;0;0;0;0;1;3,62;0,37;na;na;1,2;0;S0094
2018.Run02.Roos.en.Opti.S0095;CCATCACATAGGATCTAGTGGCAA;GGACTACHVGGGTWTCTAAT;P16-67973;QIAamp_DNA_Stool_mini_kit_protocol_B;Feces;201802Roos;20,7941;1,039705;20.02.2018;Yes;;k332;1;08.08.2003;14;10_19;2;1;0;0;0;0;0;0;0;1;0;0;0;0;0;0;0;1;0,3;1;2455;2;1529;2;41,9;86;3;575;2;20,7;95,6;3;625;73;2;0,4;2,4;2;na;na;na;na;1;0;0;0;0;1;na;na;na;na;na;na;S0095
2018.Run02.Roos.en.Opti.S0096;GTGGTATGGGAGCCAGGGACTTCT;GGACTACHVGGGTWTCTAAT;P16-68231;QIAamp_DNA_Stool_mini_kit_protocol_B;Feces;201802Roos;32,0189;1,067296667;20.02.2018;Yes;;479;1;03.31.1986;31;30_39;2;0;0;0;0;1;0;0;0;0;0;0;0;0;0;0;1;0;_0.07;0;1769;2;1072;3;48,5;52,1;2;547;2;24,8;46,1;1;350;15,1;0,8;0,4;1,2;2;128;1;na;na;2;0;0;0;0;3;na;0,22;na;na;na;na;S0096
2018.Run02.Roos.en.Opti.S0097;ACTTTAAGGGTGCACCTTACCTTA;GGACTACHVGGGTWTCTAAT;P16-68538;QIAamp_DNA_Stool_mini_kit_protocol_B;Feces;201802Roos;13,4869;1,34869;20.02.2018;Yes;;566;2;08.29.1997;20;20_29;1;0;0;0;0;0;0;0;1;0;0;0;0;0;0;0;0;1;na;na;1426;2;336;1;19,1;38,9;1;1049;3;59,7;5,2;1;0;0;na;na;na;na;na;na;na;na;2;1;0;0;0;5;11,1;na;na;na;na;na;S0097
2018.Run02.Roos.en.Opti.S0098;GAGCAACATCCTATAGTTAGGGCT;GGACTACHVGGGTWTCTAAT;P16-69172;QIAamp_DNA_Stool_mini_kit_protocol_B;Feces;201802Roos;18,4637;0,923185;20.02.2018;Yes;;t183;3;10.31.1963;54;50-59;2;0;0;0;0;0;0;0;0;1;0;0;0;0;0;0;0;1;0,32;1;na;na;na;na;na;na;na;na;na;na;na;na;na;na;na;na;na;na;na;na;na;na;0;1;0;0;0;6;na;na;na;na;na;na;S0098
2018.Run02.Roos.en.Opti.S0099;TGTTGCGTTTCTGCACTTCATTTC;GGACTACHVGGGTWTCTAAT;P16-69681;QIAamp_DNA_Stool_mini_kit_protocol_B;Feces;201802Roos;41,9509;1,0487725;20.02.2018;Yes;;k338;1;03.25.2003;14;10_19;1;0;0;0;0;0;0;0;0;1;0;0;0;0;0;0;0;1;0,35;1;1623;2;914;2;37,9;67,5;2;595;2;24,7;62,4;2;385;47;3,5;2;5,5;2;_ 30;0;na;na;1;0;0;0;0;1;7,35;na;na;na;na;na;S0099
2018.Run02.Roos.en.Opti.S0100;ATGTCCGACCAATTAACTGGAAGC;GGACTACHVGGGTWTCTAAT;P16-69857;QIAamp_DNA_Stool_mini_kit_protocol_B;Feces;201802Roos;17,3589;1,15726;20.02.2018;Yes;;C24;4;04.22.1973;44;40_49;1;1;0;0;0;0;0;0;0;1;0;0;0;0;0;0;0;1;1,4;1;na;na;na;na;na;na;na;na;na;na;na;na;na;na;na;na;na;na;na;na;na;na;0;0;0;0;0;9;na;na;na;na;na;na;S0100
2018.Run02.Roos.en.Opti.S0101;CCTAAACTACGGTACCGGCTTGCA;GGACTACHVGGGTWTCTAAT;P16-69861;QIAamp_DNA_Stool_mini_kit_protocol_B;Feces;201802Roos;47,0741;0,941482;20.02.2018;Yes;;t2;1;12.08.2001;16;10_19;2;0;0;0;0;0;0;0;0;1;0;0;0;0;0;0;0;1;0,36;1;2085;2;1073;2;38,9;84,2;3;896;3;32,5;98,9;3;485;76;4,5;2,2;6,7;2;0;0;na;na;1;0;0;0;0;1;9,93;0,47;na;na;na;na;S0101
2018.Run02.Roos.en.Opti.S0102;TGCAGATCCAACATCTAGTGGCAA;GGACTACHVGGGTWTCTAAT;P16-70353;QIAamp_DNA_Stool_mini_kit_protocol_B;Feces;201802Roos;29,4981;0,98327;20.02.2018;Yes;;C23;4;11.05.1967;50;50-59;2;1;0;0;0;0;0;0;0;1;0;0;0;0;0;0;0;1;na;na;na;na;na;na;na;na;na;na;na;na;na;na;na;na;na;na;na;na;na;na;na;na;0;0;0;0;0;9;na;na;na;na;na;na;S0102
2018.Run02.Roos.en.Opti.S0103;CCATCACATAGGCCAGGGACTTCT;GGACTACHVGGGTWTCTAAT;P16-70361;QIAamp_DNA_Stool_mini_kit_protocol_B;Feces;201802Roos;36,7677;1,050505714;20.02.2018;Yes;;k302;2;10.24.2001;16;10_19;1;1;0;0;0;0;0;0;0;1;0;0;0;0;0;0;0;1;2,91;1;na;na;na;na;na;na;na;na;na;na;na;na;na;na;na;na;na;na;na;na;1,73;0,46;2;0;0;0;0;5;na;na;na;na;na;na;S0103
2018.Run02.Roos.en.Opti.S0104;GTGGTATGGGAGCACCTTACCTTA;GGACTACHVGGGTWTCTAAT;P16-70364;QIAamp_DNA_Stool_mini_kit_protocol_B;Feces;201802Roos;25,4477;1,017908;20.02.2018;Yes;;k337;1;11.29.2004;13;10_19;1;0;0;0;0;0;0;0;0;1;0;0;0;0;0;0;0;1;0,15;1;1589;2;997;2;39,1;72,4;2;542;2;21,2;21,2;1;555;60;4,8;2,5;7,3;2;_ 30;0;na;na;1;0;0;0;0;1;9,23;0,46;na;na;na;na;S0104
2018.Run02.Roos.en.Opti.S0105;ACTTTAAGGGTGATAGTTAGGGCT;GGACTACHVGGGTWTCTAAT;P16-71019;QIAamp_DNA_Stool_mini_kit_protocol_B;Feces;201802Roos;18,5613;1,23742;20.02.2018;Yes;;k436;1;10.11.2007;10;10_19;1;0;0;0;0;0;0;0;0;1;0;0;0;0;0;0;1;0;_0.030;0;1022;1;614;1;37,7;52,1;1;333;2;20,4;59,3;2;446;51;3,2;0,2;3,4;1;0;0;na;na;2;1;1;0;0;2;3,95;na;na;na;1,7;0;S0105
2018.Run02.Roos.en.Opti.S0106;GAGCAACATCCTGCACTTCATTTC;GGACTACHVGGGTWTCTAAT;P16-71021;QIAamp_DNA_Stool_mini_kit_protocol_B;Feces;201802Roos;18,4365;1,2291;20.02.2018;Yes;;C08;4;01.17.1962;56;50-59;2;1;0;0;0;0;0;0;0;1;0;0;0;0;0;0;0;1;na;na;na;na;na;na;na;na;na;na;na;na;na;na;na;na;na;na;na;na;na;na;na;na;0;0;0;0;0;9;na;na;na;na;na;na;S0106
2018.Run02.Roos.en.Opti.S0107;TGTTGCGTTTCTTTAACTGGAAGC;GGACTACHVGGGTWTCTAAT;P16-71022;QIAamp_DNA_Stool_mini_kit_protocol_B;Feces;201802Roos;10,5437;1,05437;20.02.2018;Yes;;k342;1;11.18.2000;17;10_19;1;1;0;0;0;0;0;0;0;1;0;1;0;0;0;0;0;0;1;1;1097;1;750;2;41;58;2;289;2;15,8;71,6;2;436;76;0,4;0,8;1,2;2;na;na;na;na;1;0;0;0;0;3;na;na;na;na;na;na;S0107
2018.Run02.Roos.en.Opti.S0108;ATGTCCGACCAACGCGGTTACTAA;GGACTACHVGGGTWTCTAAT;P16-71523;QIAamp_DNA_Stool_mini_kit_protocol_B;Feces;201802Roos;20,3957;1,019785;20.02.2018;Yes;;C26;4;02.17.1971;47;40_49;2;1;0;0;0;0;0;0;0;1;0;0;0;0;0;0;0;1;1,3;1;na;na;na;na;na;na;na;na;na;na;na;na;na;na;na;na;na;na;na;na;na;na;0;0;0;0;0;9;na;na;na;na;na;na;S0108
2018.Run02.Roos.en.Opti.S0109;CCTAAACTACGGATCTAGTGGCAA;GGACTACHVGGGTWTCTAAT;P17-50402;QIAamp_DNA_Stool_mini_kit_protocol_B;Feces;201802Roos;25,1301;1,005204;20.02.2018;Yes;;t4;1;03.20.2002;15;10_19;1;1;0;0;0;0;0;0;0;1;0;0;0;0;0;0;0;1;0,2;1;1087;1;697;2;44,6;69,6;2;361;2;23,1;72,9;2;157;67;4,5;6,8;11,3;2;118;1;na;na;2;1;1;0;0;2;9,88;0,77;na;na;5,2;0;S0109
2018.Run02.Roos.en.Opti.S0110;TGCAGATCCAACCCAGGGACTTCT;GGACTACHVGGGTWTCTAAT;P17-50403;QIAamp_DNA_Stool_mini_kit_protocol_B;Feces;201802Roos;12,7829;1,27829;20.02.2018;Yes;;t5;1;02.22.2000;18;10_19;2;1;0;0;0;0;0;0;0;1;0;0;0;0;0;0;0;1;0,13;1;1229;2;na;na;41,3;50,9;2;na;na;33,8;78,7;2;211;57;5,1;7,7;12,8;2;na;na;na;na;2;1;1;0;0;2;12,1;0,82;na;na;2,5;0;S0110
2018.Run02.Roos.en.Opti.S0111;CCATCACATAGGCACCTTACCTTA;GGACTACHVGGGTWTCTAAT;P17-50404;QIAamp_DNA_Stool_mini_kit_protocol_B;Feces;201802Roos;12,3805;1,23805;20.02.2018;Yes;;;1;03.17.1967;50;50-59;2;1;0;0;0;0;0;0;0;1;0;0;0;0;0;0;0;1;na;na;na;na;na;na;na;na;na;na;na;na;na;na;na;na;na;na;na;na;na;na;na;na;2;1;1;0;1;2;na;na;na;na;na;na;S0111
2018.Run02.Roos.en.Opti.S0112;GTGGTATGGGAGATAGTTAGGGCT;GGACTACHVGGGTWTCTAAT;P17-52506;QIAamp_DNA_Stool_mini_kit_protocol_B;Feces;201802Roos;29,4661;0,982203333;20.02.2018;Yes;;578;1;02.22.1968;50;50-59;2;0;0;0;0;0;0;0;0;1;0;0;0;0;0;0;0;1;0,4;1;1868;2;1237;3;23,3;45,8;1;650;3;12,3;5,4;1;2841;56,7;2,1;1,7;3,8;2;na;na;na;na;2;0;0;0;0;2;na;na;na;na;na;na;S0112
2018.Run02.Roos.en.Opti.S0113;ACTTTAAGGGTGGCACTTCATTTC;GGACTACHVGGGTWTCTAAT;P17-54659;QIAamp_DNA_Stool_mini_kit_protocol_B;Feces;201802Roos;15,0245;1,001633333;20.02.2018;Yes;;590;1;12.16.1979;38;30_39;2;0;0;0;0;0;0;0;0;1;0;0;0;0;0;0;0;1;0;0;na;na;749;2;na;na;na;na;na;na;na;na;na;na;na;na;na;na;na;na;na;na;2;0;0;0;0;1;10,5;na;na;na;na;na;S0113
2018.Run02.Roos.en.Opti.S0114;GAGCAACATCCTTTAACTGGAAGC;GGACTACHVGGGTWTCTAAT;P17-55638;QIAamp_DNA_Stool_mini_kit_protocol_B;Feces;201802Roos;10,2885;1,02885;20.02.2018;Yes;;t34;1;09.21.1965;52;50-59;1;0;0;0;0;1;0;0;0;0;0;0;0;0;0;0;0;1;_0.1;0;na;na;na;na;na;na;na;na;na;na;na;na;na;na;na;na;na;na;na;na;na;na;2;0;0;0;0;1;na;na;na;na;na;na;S0114
2018.Run02.Roos.en.Opti.S0115;TGTTGCGTTTCTCGCGGTTACTAA;GGACTACHVGGGTWTCTAAT;P17-55725;QIAamp_DNA_Stool_mini_kit_protocol_B;Feces;201802Roos;15,9621;1,06414;20.02.2018;Yes;;t3;1;03.16.2003;14;10_19;1;0;0;0;0;0;0;0;0;1;0;0;0;0;0;0;0;1;0,35;1;1287;2;860;2;47,2;57,4;2;404;2;22,2;79,4;2;260;64;4,5;2,2;6,7;2;0;0;na;na;2;0;0;0;0;1;na;na;na;na;na;na;S0115
2018.Run02.Roos.en.Opti.S0116;ATGTCCGACCAAGAGACTATATGC;GGACTACHVGGGTWTCTAAT;P17-57557;QIAamp_DNA_Stool_mini_kit_protocol_B;Feces;201802Roos;26,6125;1,0645;20.02.2018;Yes;;588;1;04.05.1957;60;60_69;2;0;0;0;0;1;0;0;0;1;0;1;0;0;0;0;0;0;_0.1;0;na;na;na;na;na;na;na;na;na;na;na;na;na;na;na;na;na;na;na;na;na;na;1;0;0;0;0;3;12,4;na;na;na;na;na;S0116
2018.Run02.Roos.en.Opti.S0117;CCTAAACTACGGCCAGGGACTTCT;GGACTACHVGGGTWTCTAAT;P17-58122;QIAamp_DNA_Stool_mini_kit_protocol_B;Feces;201802Roos;18,0021;1,20014;20.02.2018;Yes;;k435;3;12.10.2006;11;10_19;1;0;0;0;0;0;0;0;0;1;0;0;0;0;0;0;0;1;_0.05;0;na;na;na;na;na;na;na;na;na;na;na;na;na;na;na;na;na;na;na;na;na;na;0;1;0;0;0;6;na;na;na;na;na;na;S0117
2018.Run02.Roos.en.Opti.S0118;TGCAGATCCAACCACCTTACCTTA;GGACTACHVGGGTWTCTAAT;P17-60765;QIAamp_DNA_Stool_mini_kit_protocol_B;Feces;201802Roos;21,4437;1,072185;20.02.2018;Yes;;597;1;05.24.1956;61;60_69;1;0;0;0;0;0;0;0;0;1;0;1;0;0;0;0;0;0;na;na;na;na;na;na;na;na;na;na;na;na;na;na;na;na;na;na;na;na;na;na;na;na;2;0;0;0;0;3;na;na;na;na;na;na;S0118
2018.Run02.Roos.en.Opti.S0119;CCATCACATAGGATAGTTAGGGCT;GGACTACHVGGGTWTCTAAT;P17-61203;QIAamp_DNA_Stool_mini_kit_protocol_B;Feces;201802Roos;7,6893;1,53786;20.02.2018;Yes;;t109;1;12.07.1988;29;20_29;2;0;0;0;0;1;1;1;0;0;0;0;0;0;0;0;0;1;0,071;0;1684;2;978;2;45,8;na;na;586;3;27,5;na;na;330;14;6,2;1,8;8;2;1063;1;na;na;1;1;0;0;0;4;9,12;na;na;na;na;na;S0119
2018.Run02.Roos.en.Opti.S0120;GTGGTATGGGAGGCACTTCATTTC;GGACTACHVGGGTWTCTAAT;P17-66057;QIAamp_DNA_Stool_mini_kit_protocol_B;Feces;201802Roos;15,1973;1,013153333;20.02.2018;Yes;;C31;4;09.01.1968;49;40_49;2;1;0;0;0;0;0;0;0;1;0;0;0;0;0;0;0;1;na;na;na;na;na;na;na;na;na;na;na;na;na;na;na;na;na;na;na;na;na;na;na;na;0;0;0;0;0;9;na;na;na;na;na;na;S0120
2018.Run02.Roos.en.Opti.S0121;ACTTTAAGGGTGTTAACTGGAAGC;GGACTACHVGGGTWTCTAAT;P17-66087;QIAamp_DNA_Stool_mini_kit_protocol_B;Feces;201802Roos;25,4629;1,018516;20.02.2018;Yes;;C33;4;03.25.1980;37;30_39;1;1;0;0;0;0;0;0;0;1;0;0;0;0;0;0;0;1;na;na;na;na;na;na;na;na;na;na;na;na;na;na;na;na;na;na;na;na;na;na;na;na;0;0;0;0;0;9;na;na;na;na;na;na;S0121
2018.Run02.Roos.en.Opti.S0122;GAGCAACATCCTCGCGGTTACTAA;GGACTACHVGGGTWTCTAAT;P17-66091;QIAamp_DNA_Stool_mini_kit_protocol_B;Feces;201802Roos;8,3589;1,67178;20.02.2018;Yes;;C34;4;01.21.1961;57;50-59;2;0;0;0;0;0;0;0;0;1;0;0;0;0;0;0;0;1;na;na;na;na;na;na;na;na;na;na;na;na;na;na;na;na;na;na;na;na;na;na;na;na;0;0;0;0;0;9;na;na;na;na;na;na;S0122
2018.Run02.Roos.en.Opti.S0123;TGTTGCGTTTCTGAGACTATATGC;GGACTACHVGGGTWTCTAAT;P17-66094;QIAamp_DNA_Stool_mini_kit_protocol_B;Feces;201802Roos;19,6901;0,984505;20.02.2018;Yes;;C30;4;06.24.1982;35;30_39;2;1;0;0;0;0;0;0;0;1;0;0;0;0;0;0;0;1;na;na;na;na;na;na;na;na;na;na;na;na;na;na;na;na;na;na;na;na;na;na;na;na;0;0;0;0;0;9;na;na;na;na;na;na;S0123
2018.Run02.Roos.en.Opti.S0124;ATGTCCGACCAACCTAAACTACGG;GGACTACHVGGGTWTCTAAT;P17-66095;QIAamp_DNA_Stool_mini_kit_protocol_B;Feces;201802Roos;32,3773;1,079243333;20.02.2018;Yes;;C28;4;09.27.1980;37;30_39;2;1;0;0;0;0;0;0;0;1;0;0;0;0;0;0;0;1;na;na;na;na;na;na;na;na;na;na;na;na;na;na;na;na;na;na;na;na;na;na;na;na;0;0;0;0;0;9;na;na;na;na;na;na;S0124
2018.Run02.Roos.en.Opti.S0125;CCTAAACTACGGCACCTTACCTTA;GGACTACHVGGGTWTCTAAT;P17-66098;QIAamp_DNA_Stool_mini_kit_protocol_B;Feces;201802Roos;9,9333;0,99333;20.02.2018;Yes;;C27;4;09.28.1976;41;40_49;2;1;0;0;0;0;0;0;0;1;0;0;0;0;0;0;0;1;na;na;na;na;na;na;na;na;na;na;na;na;na;na;na;na;na;na;na;na;na;na;na;na;0;0;0;0;0;9;na;na;na;na;na;na;S0125
2018.Run02.Roos.en.Opti.S0126;TGCAGATCCAACATAGTTAGGGCT;GGACTACHVGGGTWTCTAAT;P17-66099;QIAamp_DNA_Stool_mini_kit_protocol_B;Feces;201802Roos;12,1917;1,21917;20.02.2018;Yes;;C29;4;06.04.1971;46;40_49;2;0;0;0;0;0;0;0;0;1;0;0;0;0;0;0;0;1;na;na;na;na;na;na;na;na;na;na;na;na;na;na;na;na;na;na;na;na;na;na;na;na;0;0;0;0;0;9;na;na;na;na;na;na;S0126
2018.Run02.Roos.en.Opti.S0127;CCATCACATAGGGCACTTCATTTC;GGACTACHVGGGTWTCTAAT;P17-66100;QIAamp_DNA_Stool_mini_kit_protocol_B;Feces;201802Roos;15,8637;1,05758;20.02.2018;Yes;;C32;4;10.29.1993;24;20_29;2;1;0;0;0;0;0;0;0;1;0;0;0;0;0;0;0;1;na;na;na;na;na;na;na;na;na;na;na;na;na;na;na;na;na;na;na;na;na;na;na;na;0;0;0;0;0;9;na;na;na;na;na;na;S0127
2018.Run02.Roos.en.Opti.S0128;GTGGTATGGGAGTTAACTGGAAGC;GGACTACHVGGGTWTCTAAT;1280;QIAamp_DNA_Stool_mini_kit_protocol_B;Feces;201802Roos;30,1237;1,004123333;20.02.2018;Yes;;r1280;1;03.08.1976;41;40_49;1;0;0;0;0;0;0;0;0;1;0;0;0;0;0;0;0;1;na;na;na;na;na;na;na;na;na;na;na;na;na;na;na;na;na;na;na;na;na;na;na;na;2;0;0;0;0;1;na;na;na;na;na;na;S0128
2018.Run02.Roos.en.Opti.S0129;ACTTTAAGGGTGCGCGGTTACTAA;GGACTACHVGGGTWTCTAAT;1511;QIAamp_DNA_Stool_mini_kit_protocol_B;Feces;201802Roos;15,4341;1,02894;20.02.2018;Yes;;r1511;1;10.28.1958;59;50-59;2;na;0;0;0;0;0;0;0;1;0;0;0;0;0;0;0;1;na;na;na;na;na;na;na;na;na;na;na;na;na;na;na;na;na;na;na;na;na;na;na;na;na;1;0;0;0;2;na;na;na;na;na;na;S0129
2018.Run02.Roos.en.Opti.S0130;GAGCAACATCCTGAGACTATATGC;GGACTACHVGGGTWTCTAAT;2159;QIAamp_DNA_Stool_mini_kit_protocol_B;Feces;201802Roos;7,4949;1,49898;20.02.2018;Yes;;r2159;1;03.14.1971;46;40_49;1;na;0;0;0;0;0;0;0;1;0;0;0;0;0;0;0;1;na;na;na;na;na;na;na;na;na;na;na;na;na;na;na;na;na;na;na;na;na;na;na;na;na;1;1;0;0;2;na;na;na;na;na;na;S0130
2018.Run02.Roos.en.Opti.S0131;TGTTGCGTTTCTCCTAAACTACGG;GGACTACHVGGGTWTCTAAT;1564;QIAamp_DNA_Stool_mini_kit_protocol_B;Feces;201802Roos;30,1757;1,005856667;20.02.2018;Yes;;r1564;1;04.04.1997;20;20_29;1;na;0;0;0;0;0;0;0;1;0;0;0;0;0;0;0;1;na;na;na;na;na;na;na;na;na;na;na;na;na;na;na;na;na;na;na;na;na;na;na;na;na;1;0;0;0;2;na;na;na;na;na;na;S0131
2018.Run02.Roos.en.Opti.S0132;ATGTCCGACCAATGCAGATCCAAC;GGACTACHVGGGTWTCTAAT;1486;QIAamp_DNA_Stool_mini_kit_protocol_B;Feces;201802Roos;22,4053;1,120265;20.02.2018;Yes;;r1486;1;04.30.1987;30;30_39;1;na;0;0;0;0;0;0;0;1;0;0;0;0;0;0;0;1;na;na;na;na;na;na;na;na;na;na;na;na;na;na;na;na;na;na;na;na;na;na;na;na;na;0;0;0;1;2;na;na;na;na;na;na;S0132
2018.Run02.Roos.en.Opti.S0133;CCTAAACTACGGATAGTTAGGGCT;GGACTACHVGGGTWTCTAAT;364;QIAamp_DNA_Stool_mini_kit_protocol_B;Feces;201802Roos;2,2349;1,11745;20.02.2018;Yes;;r0364;1;06.30.1961;56;50-59;2;0;0;0;0;0;0;0;0;1;0;0;0;0;0;0;0;1;0,2;1;1087;2;na;na;44,6;69,6;2;na;na;23,1;72,9;2;157;67;4,5;6,8;na;na;na;na;na;na;2;1;0;0;0;2;na;na;na;na;na;na;S0133
2018.Run02.Roos.en.Opti.S0134;TGCAGATCCAACGCACTTCATTTC;GGACTACHVGGGTWTCTAAT;2195;QIAamp_DNA_Stool_mini_kit_protocol_B;Feces;201802Roos;7,2621;1,45242;20.02.2018;Yes;;r2195;1;04.29.1963;54;50-59;2;na;0;0;0;0;0;0;0;1;0;0;0;0;0;0;0;1;na;na;na;na;na;na;na;na;na;na;na;na;na;na;na;na;na;na;na;na;na;na;na;na;na;1;1;0;0;2;na;na;na;na;na;na;S0134
2018.Run02.Roos.en.Opti.S0135;CCATCACATAGGTTAACTGGAAGC;GGACTACHVGGGTWTCTAAT;1419;QIAamp_DNA_Stool_mini_kit_protocol_B;Feces;201802Roos;5,9485;1,1897;20.02.2018;Yes;;r1419;1;10.28.1996;21;20_29;2;0;0;0;0;0;0;1;0;0;1;0;0;0;1;0;0;0;na;na;na;na;na;na;na;na;na;na;na;na;na;na;na;na;na;na;na;na;na;na;na;na;na;0;0;1;0;4;na;na;na;na;na;na;S0135
2018.Run02.Roos.en.Opti.S0136;GTGGTATGGGAGCGCGGTTACTAA;GGACTACHVGGGTWTCTAAT;2184;QIAamp_DNA_Stool_mini_kit_protocol_B;Feces;201802Roos;24,6757;0,987028;20.02.2018;Yes;;r2184;1;04.30.1979;38;30_39;1;na;0;0;0;0;0;0;0;1;0;1;1;0;0;0;0;0;na;na;na;na;na;na;na;na;na;na;na;na;na;na;na;na;na;na;na;na;na;na;na;na;na;1;0;0;0;4;na;na;na;na;na;na;S0136
2018.Run02.Roos.en.Opti.S0137;ACTTTAAGGGTGGAGACTATATGC;GGACTACHVGGGTWTCTAAT;2158;QIAamp_DNA_Stool_mini_kit_protocol_B;Feces;201802Roos;10,1957;1,01957;20.02.2018;Yes;;r2158;3;11.25.1984;33;30_39;2;na;0;0;0;0;0;0;0;1;0;0;0;0;0;0;0;1;na;na;na;na;na;na;na;na;na;na;na;na;na;na;na;na;na;na;na;na;na;na;na;na;0;0;0;0;0;6;na;na;na;na;na;na;S0137
2018.Run02.Roos.en.Opti.S0138;GAGCAACATCCTCCTAAACTACGG;GGACTACHVGGGTWTCTAAT;1502;QIAamp_DNA_Stool_mini_kit_protocol_B;Feces;201802Roos;15,2629;1,017526667;20.02.2018;Yes;;r1502;1;01.28.1973;45;40_49;2;na;0;0;0;0;0;0;0;1;0;1;1;0;0;0;0;0;na;na;na;na;na;na;na;na;na;na;na;na;na;na;na;na;na;na;na;na;na;na;na;na;na;1;0;0;1;4;na;na;na;na;na;na;S0138
2018.Run02.Roos.en.Opti.S0139;TGTTGCGTTTCTTGCAGATCCAAC;GGACTACHVGGGTWTCTAAT;1440;QIAamp_DNA_Stool_mini_kit_protocol_B;Feces;201802Roos;17,4677;1,164513333;20.02.2018;Yes;;r1440;1;na;;na;1;0;0;0;0;0;0;0;0;0;0;0;0;0;0;0;0;0;na;na;na;na;na;na;na;na;na;na;na;na;na;na;na;na;na;na;na;na;na;na;na;na;na;1;1;1;0;4;na;na;na;na;na;na;S0139
2018.Run02.Roos.en.Opti.S0140;ATGTCCGACCAACCATCACATAGG;GGACTACHVGGGTWTCTAAT;CPID8;QIAamp_DNA_Stool_mini_kit_protocol_B;Feces;201802Roos;21,0589;1,052945;20.02.2018;Yes;;rC08;4;09.12.1965;52;50-59;1;0;0;0;0;0;0;0;0;1;0;0;0;0;0;0;0;1;na;na;na;na;na;na;na;na;na;na;na;na;na;na;na;na;na;na;na;na;na;na;na;na;0;0;0;0;0;9;na;na;na;na;na;na;S0140
2018.Run02.Roos.en.Opti.S0141;TGCAGATCCAACTTAACTGGAAGC;GGACTACHVGGGTWTCTAAT;CPID9;QIAamp_DNA_Stool_mini_kit_protocol_B;Feces;201802Roos;29,0829;0,96943;20.02.2018;Yes;;rC09;4;07.08.1955;62;60_69;1;na;na;0;0;0;0;0;0;1;0;0;0;0;0;0;0;1;na;na;na;na;na;na;na;na;na;na;na;na;na;na;na;na;na;na;na;na;na;na;na;na;0;na;0;0;0;9;na;na;na;na;na;na;S0141
2018.Run02.Roos.en.Opti.S0142;CCATCACATAGGCGCGGTTACTAA;GGACTACHVGGGTWTCTAAT;CPID10;QIAamp_DNA_Stool_mini_kit_protocol_B;Feces;201802Roos;18,2085;1,2139;20.02.2018;Yes;;rC10;4;10.19.1981;36;30_39;2;na;na;0;0;0;0;0;0;1;0;0;0;0;0;0;0;1;na;na;na;na;na;na;na;na;na;na;na;na;na;na;na;na;na;na;na;na;na;na;na;na;0;0;0;0;0;9;na;na;na;na;na;na;S0142
2018.Run02.Roos.en.Opti.S0143;GTGGTATGGGAGGAGACTATATGC;GGACTACHVGGGTWTCTAAT;CPID11;QIAamp_DNA_Stool_mini_kit_protocol_B;Feces;201802Roos;36,1533;1,032951429;20.02.2018;Yes;;rC11;4;05.11.1971;46;40_49;2;1;0;0;0;0;0;0;0;1;0;0;0;0;0;0;0;1;na;na;na;na;na;na;na;na;na;na;na;na;na;na;na;na;na;na;na;na;na;na;na;na;0;0;0;0;0;9;na;na;na;na;na;na;S0143
2018.Run02.Roos.en.Opti.S0144;ACTTTAAGGGTGCCTAAACTACGG;GGACTACHVGGGTWTCTAAT;0286A;QIAamp_DNA_Stool_mini_kit_protocol_B;Feces;201802Roos;9,2429;0,92429;20.02.2018;Yes;;rC0286A;4;12.16.1970;47;40_49;2;1;0;0;0;0;0;0;0;1;0;0;0;0;0;0;0;1;na;na;na;na;na;na;na;na;na;na;na;na;na;na;na;na;na;na;na;na;na;na;na;na;0;0;0;0;0;9;na;na;na;na;na;na;S0144
2018.Run02.Roos.en.Opti.S0145;GAGCAACATCCTTGCAGATCCAAC;GGACTACHVGGGTWTCTAAT;0286-1;QIAamp_DNA_Stool_mini_kit_protocol_B;Feces;201802Roos;22,8597;1,142985;20.02.2018;Yes;;r0286-1;2;02.29.2000;17;10_19;1;1;0;0;0;0;0;0;0;1;0;0;0;0;0;0;0;1;na;na;na;na;na;na;na;na;na;na;na;na;na;na;na;na;na;na;na;na;na;na;na;na;na;1;0;0;0;5;na;na;na;na;na;na;S0145
2018.Run02.Roos.en.Opti.S0146;TGTTGCGTTTCTCCATCACATAGG;GGACTACHVGGGTWTCTAAT;0286-2;QIAamp_DNA_Stool_mini_kit_protocol_B;Feces;201802Roos;8,9029;0,89029;20.02.2018;Yes;;r0286-2;2;12.31.2005;12;10_19;1;1;0;0;0;0;0;0;0;1;0;0;0;0;0;0;0;1;0,35;1;1287;2;na;na;47,2;57,4;2;na;na;22,2;79,4;2;260;64;4,5;2,2;6,7;2;_ 30;0;na;na;2;1;0;0;0;5;na;na;na;na;na;na;S0146
2018.Run02.Roos.en.Opti.S0147;ATGTCCGACCAAGTGGTATGGGAG;GGACTACHVGGGTWTCTAAT;P16-66469;QIAamp_DNA_Stool_mini_kit_protocol_B;Feces;201802Roos;33,7085;1,123616667;20.02.2018;Yes;;C21;4;12.26.1967;50;50-59;2;1;0;0;0;0;0;0;0;1;0;0;0;0;0;0;0;1;na;na;na;na;na;na;na;na;na;na;na;na;na;na;na;na;na;na;na;na;na;na;na;na;0;0;0;0;0;9;na;na;na;na;na;na;S0147
2018.Run02.Roos.en.Opti.S0148;CCTAAACTACGGTTAACTGGAAGC;GGACTACHVGGGTWTCTAAT;P16-67696;QIAamp_DNA_Stool_mini_kit_protocol_B;Feces;201802Roos;27,4757;1,099028;20.02.2018;Yes;;C22;4;02.08.1974;44;40_49;2;1;0;0;0;0;0;0;0;1;0;0;0;0;0;0;0;1;1,2;1;na;na;na;na;na;na;na;na;na;na;na;na;na;na;na;na;na;na;na;na;na;na;0;0;0;0;0;9;na;na;na;na;na;na;S0148
2018.Run02.Roos.en.Opti.S0149;TGCAGATCCAACCGCGGTTACTAA;GGACTACHVGGGTWTCTAAT;P16-66042;QIAamp_DNA_Stool_mini_kit_protocol_B;Feces;201802Roos;26,5261;1,061044;20.02.2018;Yes;;C15;4;08.06.1976;41;40_49;2;1;0;0;0;0;0;0;0;1;0;0;0;0;0;0;0;1;0,72;1;na;na;na;na;na;na;na;na;na;na;na;na;na;na;na;na;na;na;na;na;na;na;0;0;0;0;0;9;na;na;na;na;na;na;S0149
2018.Run02.Roos.en.Opti.S0150;CCATCACATAGGGAGACTATATGC;GGACTACHVGGGTWTCTAAT;P16-66513;QIAamp_DNA_Stool_mini_kit_protocol_B;Feces;201802Roos;17,5877;1,172513333;20.02.2018;Yes;;C18;4;04.26.1975;42;40_49;2;1;0;0;0;0;0;0;0;1;0;0;0;0;0;0;0;1;1,1;1;na;na;na;na;na;na;na;na;na;na;na;na;na;na;na;na;na;na;na;na;na;na;0;0;0;0;0;9;na;na;na;na;na;na;S0150
2018.Run02.Roos.en.Opti.S0151;GTGGTATGGGAGCCTAAACTACGG;GGACTACHVGGGTWTCTAAT;P16-66481;QIAamp_DNA_Stool_mini_kit_protocol_B;Feces;201802Roos;20,1125;1,005625;20.02.2018;Yes;;C17;4;06.15.1978;39;30_39;2;1;0;0;0;0;0;0;0;1;0;0;0;0;0;0;0;1;na;na;na;na;na;na;na;na;na;na;na;na;na;na;na;na;na;na;na;na;na;na;na;na;0;0;0;0;0;9;na;na;na;na;na;na;S0151
2018.Run02.Roos.en.Opti.S0152;ACTTTAAGGGTGTGCAGATCCAAC;GGACTACHVGGGTWTCTAAT;P16-65922;QIAamp_DNA_Stool_mini_kit_protocol_B;Feces;201802Roos;10,8309;1,08309;20.02.2018;Yes;;C16;4;03.12.1975;42;40_49;2;1;0;0;0;0;0;0;0;1;0;0;0;0;0;0;0;1;1,8;1;na;na;na;na;na;na;na;na;na;na;na;na;na;na;na;na;na;na;na;na;na;na;0;0;0;0;0;9;na;na;na;na;na;na;S0152
2018.Run02.Roos.en.Opti.S0153;GAGCAACATCCTCCATCACATAGG;GGACTACHVGGGTWTCTAAT;G_pt_1;QIAamp_DNA_Stool_mini_kit_protocol_B;Feces;201802Roos;10,7597;1,07597;20.02.2018;Yes;;G001PT;1;04.10.1959;58;50-59;2;0;0;0;0;0;0;0;1;0;0;1;0;0;0;0;1;0;2;1;na;na;na;na;na;na;na;na;na;na;na;na;na;na;na;na;na;na;na;na;na;na;2;0;0;0;1;4;16,1;2;na;na;18;0;S0153
2018.Run02.Roos.en.Opti.S0154;TGTTGCGTTTCTGTGGTATGGGAG;GGACTACHVGGGTWTCTAAT;G_pt_2;QIAamp_DNA_Stool_mini_kit_protocol_B;Feces;201802Roos;36,5965;1,045614286;20.02.2018;Yes;;G002PT;1;10.09.1971;46;40_49;1;1;0;0;0;1;0;0;0;0;0;0;0;0;0;0;0;1;0,3;1;1,98;2;0,68;2;na;na;na;1,23;3;na;na;na;0,59;7;na;na;na;na;na;na;na;na;1;0;0;0;0;1;9,1;0,09;na;na;6;0;S0154
2018.Run02.Roos.en.Opti.S0155;ATGTCCGACCAAACTTTAAGGGTG;GGACTACHVGGGTWTCTAAT;G_pt_3;QIAamp_DNA_Stool_mini_kit_protocol_B;Feces;201802Roos;24,4245;0,97698;20.02.2018;Yes;;G003PT;1;12.18.1978;39;30_39;2;0;0;0;0;0;0;1;0;0;0;1;0;0;0;0;0;0;0,4;1;0,96;2;0,64;1;na;na;na;0,28;2;na;na;na;0,09;na;na;na;na;na;na;na;na;na;2;1;0;1;0;4;na;na;na;na;na;na;S0155
2018.Run02.Roos.en.Opti.S0156;CCTAAACTACGGCGCGGTTACTAA;GGACTACHVGGGTWTCTAAT;G_pt_4_;QIAamp_DNA_Stool_mini_kit_protocol_B;Feces;201802Roos;12,5101;1,25101;20.02.2018;Yes;;G004PT;1;07.17.1954;63;60_69;2;0;0;0;0;0;0;0;0;1;0;1;0;0;1;0;0;0;1,2;1;na;na;na;na;na;na;na;na;na;na;na;na;na;na;na;na;na;na;na;na;na;na;2;0;0;0;0;3;9,2;0,5;310;1;0,7;0;S0156
2018.Run02.Roos.en.Opti.S0157;TGCAGATCCAACGAGACTATATGC;GGACTACHVGGGTWTCTAAT;G_pt_5;QIAamp_DNA_Stool_mini_kit_protocol_B;Feces;201802Roos;5,8285;1,1657;20.02.2018;Yes;;G005PT;1;10.09.1963;54;50-59;1;0;0;0;1;0;0;0;0;1;0;0;0;0;1;0;1;0;0;0;na;na;417;1;12;na;na;na;na;na;na;na;47;na;na;na;0,2;1;765;1;na;na;2;1;0;1;1;4;na;na;765;1;1,5;0;S0157
2018.Run02.Roos.en.Opti.S0158;CCATCACATAGGCCTAAACTACGG;GGACTACHVGGGTWTCTAAT;G_pt_6;QIAamp_DNA_Stool_mini_kit_protocol_B;Feces;201802Roos;20,9365;1,046825;20.02.2018;Yes;;G006PT;1;01.04.1972;46;40_49;2;1;0;0;0;0;0;0;0;1;0;0;0;0;0;0;0;1;0;0;0,62;1;0,42;1;na;na;na;0,18;1;na;na;na;0,19;na;na;na;na;na;na;na;na;na;1;1;0;0;0;2;19,1;1;na;na;1,7;0;S0158
2018.Run02.Roos.en.Opti.S0159;GTGGTATGGGAGTGCAGATCCAAC;GGACTACHVGGGTWTCTAAT;G_pt_7;QIAamp_DNA_Stool_mini_kit_protocol_B;Feces;201802Roos;10,3229;1,03229;20.02.2018;Yes;;G007PT;1;05.12.1954;63;60_69;2;0;0;0;0;0;0;0;0;1;0;0;0;0;1;0;0;0;1;1;na;na;na;na;na;na;na;na;na;na;na;na;na;na;na;na;na;na;na;na;0;na;2;1;0;1;0;4;14,1;1,4;na;na;1,6;0;S0159
2018.Run02.Roos.en.Opti.S0160;ACTTTAAGGGTGCCATCACATAGG;GGACTACHVGGGTWTCTAAT;G_pt_8;QIAamp_DNA_Stool_mini_kit_protocol_B;Feces;201802Roos;15,4349;1,028993333;20.02.2018;Yes;;G008PT;1;09.28.1937;80;70_92;2;0;0;0;0;0;0;0;0;1;0;0;0;0;0;0;0;1;0,3;1;na;na;0,39;1;na;na;na;0,21;2;na;na;na;0,15;na;na;na;na;na;na;na;na;na;na;1;1;1;1;2;10,3;0,3;na;na;7;0;S0160
2018.Run02.Roos.en.Opti.S0161;GAGCAACATCCTGTGGTATGGGAG;GGACTACHVGGGTWTCTAAT;G_pt_9;QIAamp_DNA_Stool_mini_kit_protocol_B;Feces;201802Roos;9,4253;0,94253;20.02.2018;Yes;;G009PT;1;11.18.1952;65;60_69;1;0;0;0;0;0;0;0;0;1;0;0;0;0;0;0;0;1;0,8;1;na;na;na;na;na;na;na;na;na;na;na;na;na;na;na;na;na;na;na;na;na;na;2;0;0;0;0;1;9,4;0,5;na;na;0,3;0;S0161
2018.Run02.Roos.en.Opti.S0162;TGTTGCGTTTCTACTTTAAGGGTG;GGACTACHVGGGTWTCTAAT;G_pt_10;QIAamp_DNA_Stool_mini_kit_protocol_B;Feces;201802Roos;11,8965;1,18965;20.02.2018;Yes;;G010PT;1;08.02.1974;43;40_49;2;0;0;0;1;0;0;1;0;0;0;0;1;0;0;0;1;0;0,05;0;na;na;na;na;na;na;na;na;na;na;na;na;na;na;na;na;na;na;na;na;na;na;2;1;1;0;0;4;7,6;0,05;40;0;0,8;0;S0162
2018.Run02.Roos.en.Opti.S0163;ATGTCCGACCAAGAGCAACATCCT;GGACTACHVGGGTWTCTAAT;G_pt_11;QIAamp_DNA_Stool_mini_kit_protocol_B;Feces;201802Roos;54,4453;1,088906;20.02.2018;Yes;;G011PT;1;01.20.1961;57;50-59;2;0;0;0;0;0;0;0;0;1;0;0;0;0;0;0;1;0;3,2;1;1,2;2;0,97;2;58;51,2;2;0,16;1;9,6;36,6;1;0,22;13,2;na;na;9,9;2;40;0;na;na;2;0;0;0;0;1;17,5;1;40;0;0,6;0;S0163
2018.Run02.Roos.en.Opti.S0164;CCTAAACTACGGGAGACTATATGC;GGACTACHVGGGTWTCTAAT;G_pt_12;QIAamp_DNA_Stool_mini_kit_protocol_B;Feces;201802Roos;11,5229;1,15229;20.02.2018;Yes;;G012PT;1;05.07.1952;65;60_69;2;0;0;0;1;0;0;0;1;0;0;0;0;0;1;0;1;0;0,05;0;1,4;2;0,33;1;20,9;na;na;1,01;3;63,9;na;na;0,14;8,9;na;na;na;na;na;na;na;na;2;0;0;1;0;4;19,3;0,05;575;1;2;0;S0164
2018.Run02.Roos.en.Opti.S0165;TGCAGATCCAACCCTAAACTACGG;GGACTACHVGGGTWTCTAAT;G_pt_13;QIAamp_DNA_Stool_mini_kit_protocol_B;Feces;201802Roos;23,1069;1,155345;20.02.2018;Yes;;G013PT;1;08.18.1989;28;20_29;2;0;0;0;0;0;0;0;0;1;0;0;0;0;0;0;0;1;0,05;0;1,16;2;0,64;1;40,8;45,9;1;0,4;2;25,5;35,8;1;0,19;12,1;na;na;0,5;1;na;na;na;na;0;1;1;0;0;2;2,4;0,05;na;na;na;na;S0165
2018.Run02.Roos.en.Opti.S0166;CCATCACATAGGTGCAGATCCAAC;GGACTACHVGGGTWTCTAAT;G_pt_14;QIAamp_DNA_Stool_mini_kit_protocol_B;Feces;201802Roos;26,1525;1,0461;20.02.2018;Yes;;G014PT;1;06.12.1959;58;50-59;2;0;0;0;0;0;0;0;0;1;0;0;0;0;0;0;1;0;1,8;1;na;na;na;na;na;na;na;na;na;na;na;na;na;na;na;na;na;na;na;na;na;na;1;1;1;0;0;2;16,7;0,4;na;na;0,4;0;S0166
2018.Run02.Roos.en.Opti.S0167;GTGGTATGGGAGCCATCACATAGG;GGACTACHVGGGTWTCTAAT;G_pt_15;QIAamp_DNA_Stool_mini_kit_protocol_B;Feces;201802Roos;14,0525;0,936833333;20.02.2018;Yes;;G015PT;1;08.23.1971;46;40_49;1;0;0;0;0;0;0;0;0;1;0;0;0;0;0;0;0;1;1,2;1;na;na;na;na;na;na;na;na;na;na;na;na;na;na;na;na;na;na;300;1;na;na;0;1;1;1;1;2;na;na;na;na;na;na;S0167
2018.Run02.Roos.en.Opti.S0168;ACTTTAAGGGTGGTGGTATGGGAG;GGACTACHVGGGTWTCTAAT;G_HC_1;QIAamp_DNA_Stool_mini_kit_protocol_B;Feces;201802Roos;17,0437;1,136246667;20.02.2018;Yes;;G001HC;4;10.16.1942;75;70_91;1;1;0;0;0;0;0;0;0;0;0;0;0;0;0;0;0;0;na;na;na;na;na;na;na;na;na;na;na;na;na;na;na;na;na;na;na;na;na;na;na;na;0;0;0;0;1;9;na;na;na;na;na;na;S0168
2018.Run02.Roos.en.Opti.S0169;GAGCAACATCCTACTTTAAGGGTG;GGACTACHVGGGTWTCTAAT;G_HC_2;QIAamp_DNA_Stool_mini_kit_protocol_B;Feces;201802Roos;36,0341;1,029545714;20.02.2018;Yes;;G007HC;4;07.01.1979;38;30_39;2;0;na;0;0;0;0;0;0;0;0;0;0;0;0;0;0;0;na;na;na;na;na;na;na;na;na;na;na;na;na;na;na;na;na;na;na;na;na;na;na;na;0;0;0;0;0;9;na;na;na;na;na;na;S0169
2018.Run02.Roos.en.Opti.S0170;TGTTGCGTTTCTGAGCAACATCCT;GGACTACHVGGGTWTCTAAT;G_HC_3;QIAamp_DNA_Stool_mini_kit_protocol_B;Feces;201802Roos;15,8957;1,059713333;20.02.2018;Yes;;G003HC;4;07.01.1988;29;20_29;1;1;0;0;0;0;0;0;0;0;0;0;0;0;0;0;0;0;na;na;na;na;na;na;na;na;na;na;na;na;na;na;na;na;na;na;na;na;na;na;na;na;0;0;0;0;na;9;na;na;na;na;na;na;S0170
2018.Run02.Roos.en.Opti.S0171;ATGTCCGACCAATGTTGCGTTTCT;GGACTACHVGGGTWTCTAAT;G_HC_4;QIAamp_DNA_Stool_mini_kit_protocol_B;Feces;201802Roos;31,1325;1,03775;20.02.2018;Yes;;G004HC;4;09.04.1949;68;60_69;1;0;0;0;0;0;0;0;0;0;0;0;0;0;0;0;0;0;na;na;na;na;na;na;na;na;na;na;na;na;na;na;na;na;na;na;na;na;na;na;na;na;0;0;0;0;na;9;na;na;na;na;na;na;S0171
2018.Run02.Roos.en.Opti.S0172;AGGTACGCAATTACAGCCACCCAT;GGACTACHVGGGTWTCTAAT;G_HC_5;QIAamp_DNA_Stool_mini_kit_protocol_B;Feces;201802Roos;25,3661;1,014644;20.02.2018;Yes;;G005HC;4;03.13.1982;35;30_39;2;0;0;0;0;0;0;0;0;0;0;0;0;0;0;0;0;0;na;na;na;na;na;na;na;na;na;na;na;na;na;na;na;na;na;na;na;na;na;na;na;na;na;0;0;0;0;9;na;na;na;na;na;na;S0172
2018.Run02.Roos.en.Opti.S0173;ACAGCCACCCATTGTCTCGCAAGC;GGACTACHVGGGTWTCTAAT;G_HC_6;QIAamp_DNA_Stool_mini_kit_protocol_B;Feces;201802Roos;18,5077;0,925385;20.02.2018;Yes;;G006HC;4;10.11.1979;38;30_39;1;0;0;0;0;0;0;0;0;0;0;0;0;0;0;0;0;0;na;na;na;na;na;na;na;na;na;na;na;na;na;na;na;na;na;na;na;na;na;na;na;na;0;0;0;0;1;9;na;na;na;na;na;na;S0173
2018.Run02.Roos.en.Opti.S0174;TGTCTCGCAAGCGAGGAGTAAAGC;GGACTACHVGGGTWTCTAAT;P18-51681;QIAamp_DNA_Stool_mini_kit_protocol_B;Feces;201802Roos;15,3749;1,024993333;20.02.2018;Yes;;t7;3;08.09.1973;44;40_49;2;0;0;0;0;0;0;0;0;1;0;0;0;0;0;0;0;1;_0.002;0;na;na;na;na;na;na;na;na;na;na;na;na;na;na;na;na;na;na;51;0;na;na;0;1;1;0;1;6;na;na;na;na;na;na;S0174
2018.Run02.Roos.en.Opti.S0175;ATGTCCGACCAATACCGCCTCGGA;GGACTACHVGGGTWTCTAAT;Neg_control_1;QIAamp_DNA_Stool_mini_kit_protocol_B;Negative_control;201802Roos;0,7042;0,7042;20.02.2018;No;;Negative_control;Negative_control;Negative_control;Negative_control;Negative_control;Negative_control;Negative_control;Negative_control;Negative_control;Negative_control;Negative_control;Negative_control;Negative_control;Negative_control;Negative_control;Negative_control;Negative_control;Negative_control;Negative_control;Negative_control;Negative_control;Negative_control;Negative_control;Negative_control;Negative_control;Negative_control;Negative_control;Negative_control;Negative_control;Negative_control;Negative_control;Negative_control;Negative_control;Negative_control;Negative_control;Negative_control;Negative_control;Negative_control;Negative_control;Negative_control;Negative_control;Negative_control;Negative_control;Negative_control;Negative_control;Negative_control;Negative_control;Negative_control;Negative_control;Negative_control;Negative_control;Negative_control;Negative_control;Negative_control;Negative_control;Negative_control;Negative_control;Negative_control;Negative_control;S0175
2018.Run02.Roos.en.Opti.S0177;CCTAAACTACGGCGTAAGATGCCT;GGACTACHVGGGTWTCTAAT;Neg_control_2;QIAamp_DNA_Stool_mini_kit_protocol_B;Negative_control;201802Roos;0,8741;0,8741;20.02.2018;No;;Negative_control;Negative_control;Negative_control;Negative_control;Negative_control;Negative_control;Negative_control;Negative_control;Negative_control;Negative_control;Negative_control;Negative_control;Negative_control;Negative_control;Negative_control;Negative_control;Negative_control;Negative_control;Negative_control;Negative_control;Negative_control;Negative_control;Negative_control;Negative_control;Negative_control;Negative_control;Negative_control;Negative_control;Negative_control;Negative_control;Negative_control;Negative_control;Negative_control;Negative_control;Negative_control;Negative_control;Negative_control;Negative_control;Negative_control;Negative_control;Negative_control;Negative_control;Negative_control;Negative_control;Negative_control;Negative_control;Negative_control;Negative_control;Negative_control;Negative_control;Negative_control;Negative_control;Negative_control;Negative_control;Negative_control;Negative_control;Negative_control;Negative_control;Negative_control;S0177
2018.Run02.Roos.en.Opti.S0178;CCTAAACTACGGGCACTTCATTTC;GGACTACHVGGGTWTCTAAT;Neg_control_3;QIAamp_DNA_Stool_mini_kit_protocol_B;Negative_control;201802Roos;0,8581;0,8581;20.02.2018;No;;Negative_control;Negative_control;Negative_control;Negative_control;Negative_control;Negative_control;Negative_control;Negative_control;Negative_control;Negative_control;Negative_control;Negative_control;Negative_control;Negative_control;Negative_control;Negative_control;Negative_control;Negative_control;Negative_control;Negative_control;Negative_control;Negative_control;Negative_control;Negative_control;Negative_control;Negative_control;Negative_control;Negative_control;Negative_control;Negative_control;Negative_control;Negative_control;Negative_control;Negative_control;Negative_control;Negative_control;Negative_control;Negative_control;Negative_control;Negative_control;Negative_control;Negative_control;Negative_control;Negative_control;Negative_control;Negative_control;Negative_control;Negative_control;Negative_control;Negative_control;Negative_control;Negative_control;Negative_control;Negative_control;Negative_control;Negative_control;Negative_control;Negative_control;Negative_control;S0178
2018.Run02.Roos.en.Opti.S0179;GAGGAGTAAAGCGTTACGTGGTTG;GGACTACHVGGGTWTCTAAT;Neg_control_4;QIAamp_DNA_Stool_mini_kit_protocol_B;Negative_control;201802Roos;1,0269;1,0269;20.02.2018;No;;Negative_control;Negative_control;Negative_control;Negative_control;Negative_control;Negative_control;Negative_control;Negative_control;Negative_control;Negative_control;Negative_control;Negative_control;Negative_control;Negative_control;Negative_control;Negative_control;Negative_control;Negative_control;Negative_control;Negative_control;Negative_control;Negative_control;Negative_control;Negative_control;Negative_control;Negative_control;Negative_control;Negative_control;Negative_control;Negative_control;Negative_control;Negative_control;Negative_control;Negative_control;Negative_control;Negative_control;Negative_control;Negative_control;Negative_control;Negative_control;Negative_control;Negative_control;Negative_control;Negative_control;Negative_control;Negative_control;Negative_control;Negative_control;Negative_control;Negative_control;Negative_control;Negative_control;Negative_control;Negative_control;Negative_control;Negative_control;Negative_control;Negative_control;Negative_control;S0179
2018.Run02.Roos.en.Opti.S0278;CCTAAACTACGGCCTAAACTACGG;GGACTACHVGGGTWTCTAAT;Non-Template_Control_1;Non-Template_Control_1;Non-Template_Control_1;NTC;;;20.02.2018;No;NTC;NTC;NTC;NTC;NTC;NTC;NTC;NTC;NTC;NTC;NTC;NTC;NTC;NTC;NTC;NTC;NTC;NTC;NTC;NTC;NTC;NTC;NTC;NTC;NTC;NTC;NTC;NTC;NTC;NTC;NTC;NTC;NTC;NTC;NTC;NTC;NTC;NTC;NTC;NTC;NTC;NTC;NTC;NTC;NTC;NTC;NTC;NTC;NTC;NTC;NTC;NTC;NTC;NTC;NTC;NTC;NTC;NTC;NTC;NTC;S0278
2018.Run02.Roos.en.Opti.S0279;TGCAGATCCAACTGCAGATCCAAC;GGACTACHVGGGTWTCTAAT;Non-Template_Control_2;Non-Template_Control_2;Non-Template_Control_2;NTC;;;20.02.2018;No;NTC;NTC;NTC;NTC;NTC;NTC;NTC;NTC;NTC;NTC;NTC;NTC;NTC;NTC;NTC;NTC;NTC;NTC;NTC;NTC;NTC;NTC;NTC;NTC;NTC;NTC;NTC;NTC;NTC;NTC;NTC;NTC;NTC;NTC;NTC;NTC;NTC;NTC;NTC;NTC;NTC;NTC;NTC;NTC;NTC;NTC;NTC;NTC;NTC;NTC;NTC;NTC;NTC;NTC;NTC;NTC;NTC;NTC;NTC;NTC;S0279
2018.Run02.Roos.en.Opti.S0280;CCATCACATAGGCCATCACATAGG;GGACTACHVGGGTWTCTAAT;Non-Template_Control_3;Non-Template_Control_3;Non-Template_Control_3;NTC;;;20.02.2018;No;NTC;NTC;NTC;NTC;NTC;NTC;NTC;NTC;NTC;NTC;NTC;NTC;NTC;NTC;NTC;NTC;NTC;NTC;NTC;NTC;NTC;NTC;NTC;NTC;NTC;NTC;NTC;NTC;NTC;NTC;NTC;NTC;NTC;NTC;NTC;NTC;NTC;NTC;NTC;NTC;NTC;NTC;NTC;NTC;NTC;NTC;NTC;NTC;NTC;NTC;NTC;NTC;NTC;NTC;NTC;NTC;NTC;NTC;NTC;NTC;S0280
2018.Run02.Roos.en.Opti.S0281;GTGGTATGGGAGGTGGTATGGGAG;GGACTACHVGGGTWTCTAAT;Non-Template_Control_4;Non-Template_Control_4;Non-Template_Control_4;NTC;;;20.02.2018;No;NTC;NTC;NTC;NTC;NTC;NTC;NTC;NTC;NTC;NTC;NTC;NTC;NTC;NTC;NTC;NTC;NTC;NTC;NTC;NTC;NTC;NTC;NTC;NTC;NTC;NTC;NTC;NTC;NTC;NTC;NTC;NTC;NTC;NTC;NTC;NTC;NTC;NTC;NTC;NTC;NTC;NTC;NTC;NTC;NTC;NTC;NTC;NTC;NTC;NTC;NTC;NTC;NTC;NTC;NTC;NTC;NTC;NTC;NTC;NTC;S0281
2018.Run02.Roos.en.Opti.S0282;ACTTTAAGGGTGACTTTAAGGGTG;GGACTACHVGGGTWTCTAAT;Non-Template_Control_5;Non-Template_Control_5;Non-Template_Control_5;NTC;;;20.02.2018;No;NTC;NTC;NTC;NTC;NTC;NTC;NTC;NTC;NTC;NTC;NTC;NTC;NTC;NTC;NTC;NTC;NTC;NTC;NTC;NTC;NTC;NTC;NTC;NTC;NTC;NTC;NTC;NTC;NTC;NTC;NTC;NTC;NTC;NTC;NTC;NTC;NTC;NTC;NTC;NTC;NTC;NTC;NTC;NTC;NTC;NTC;NTC;NTC;NTC;NTC;NTC;NTC;NTC;NTC;NTC;NTC;NTC;NTC;NTC;NTC;S0282
2018.Run02.Roos.en.Opti.S0283;GAGCAACATCCTGAGCAACATCCT;GGACTACHVGGGTWTCTAAT;Non-Template_Control_6;Non-Template_Control_6;Non-Template_Control_6;NTC;;;20.02.2018;No;NTC;NTC;NTC;NTC;NTC;NTC;NTC;NTC;NTC;NTC;NTC;NTC;NTC;NTC;NTC;NTC;NTC;NTC;NTC;NTC;NTC;NTC;NTC;NTC;NTC;NTC;NTC;NTC;NTC;NTC;NTC;NTC;NTC;NTC;NTC;NTC;NTC;NTC;NTC;NTC;NTC;NTC;NTC;NTC;NTC;NTC;NTC;NTC;NTC;NTC;NTC;NTC;NTC;NTC;NTC;NTC;NTC;NTC;NTC;NTC;S0283
2018.Run02.Roos.en.Opti.S0284;TGTTGCGTTTCTTGTTGCGTTTCT;GGACTACHVGGGTWTCTAAT;Non-Template_Control_7;Non-Template_Control_7;Non-Template_Control_7;NTC;;;20.02.2018;No;NTC;NTC;NTC;NTC;NTC;NTC;NTC;NTC;NTC;NTC;NTC;NTC;NTC;NTC;NTC;NTC;NTC;NTC;NTC;NTC;NTC;NTC;NTC;NTC;NTC;NTC;NTC;NTC;NTC;NTC;NTC;NTC;NTC;NTC;NTC;NTC;NTC;NTC;NTC;NTC;NTC;NTC;NTC;NTC;NTC;NTC;NTC;NTC;NTC;NTC;NTC;NTC;NTC;NTC;NTC;NTC;NTC;NTC;NTC;NTC;S0284
2018.Run02.Roos.en.Opti.S0285;ATGTCCGACCAAATGTCCGACCAA;GGACTACHVGGGTWTCTAAT;Non-Template_Control_8;Non-Template_Control_8;Non-Template_Control_8;NTC;;;20.02.2018;No;NTC;NTC;NTC;NTC;NTC;NTC;NTC;NTC;NTC;NTC;NTC;NTC;NTC;NTC;NTC;NTC;NTC;NTC;NTC;NTC;NTC;NTC;NTC;NTC;NTC;NTC;NTC;NTC;NTC;NTC;NTC;NTC;NTC;NTC;NTC;NTC;NTC;NTC;NTC;NTC;NTC;NTC;NTC;NTC;NTC;NTC;NTC;NTC;NTC;NTC;NTC;NTC;NTC;NTC;NTC;NTC;NTC;NTC;NTC;NTC;S0285
2018.Run02.Roos.en.Opti.S0286;AGGTACGCAATTAGGTACGCAATT;GGACTACHVGGGTWTCTAAT;Non-Template_Control_9;Non-Template_Control_9;Non-Template_Control_9;NTC;;;20.02.2018;No;NTC;NTC;NTC;NTC;NTC;NTC;NTC;NTC;NTC;NTC;NTC;NTC;NTC;NTC;NTC;NTC;NTC;NTC;NTC;NTC;NTC;NTC;NTC;NTC;NTC;NTC;NTC;NTC;NTC;NTC;NTC;NTC;NTC;NTC;NTC;NTC;NTC;NTC;NTC;NTC;NTC;NTC;NTC;NTC;NTC;NTC;NTC;NTC;NTC;NTC;NTC;NTC;NTC;NTC;NTC;NTC;NTC;NTC;NTC;NTC;S0286
2018.Run02.Roos.en.Opti.S0287;ACAGCCACCCATACAGCCACCCAT;GGACTACHVGGGTWTCTAAT;Non-Template_Control_10;Non-Template_Control_10;Non-Template_Control_10;NTC;;;20.02.2018;No;NTC;NTC;NTC;NTC;NTC;NTC;NTC;NTC;NTC;NTC;NTC;NTC;NTC;NTC;NTC;NTC;NTC;NTC;NTC;NTC;NTC;NTC;NTC;NTC;NTC;NTC;NTC;NTC;NTC;NTC;NTC;NTC;NTC;NTC;NTC;NTC;NTC;NTC;NTC;NTC;NTC;NTC;NTC;NTC;NTC;NTC;NTC;NTC;NTC;NTC;NTC;NTC;NTC;NTC;NTC;NTC;NTC;NTC;NTC;NTC;S0287
2018.Run02.Roos.en.Opti.S0288;TGTCTCGCAAGCTGTCTCGCAAGC;GGACTACHVGGGTWTCTAAT;Non-Template_Control_11;Non-Template_Control_11;Non-Template_Control_11;NTC;;;20.02.2018;No;NTC;NTC;NTC;NTC;NTC;NTC;NTC;NTC;NTC;NTC;NTC;NTC;NTC;NTC;NTC;NTC;NTC;NTC;NTC;NTC;NTC;NTC;NTC;NTC;NTC;NTC;NTC;NTC;NTC;NTC;NTC;NTC;NTC;NTC;NTC;NTC;NTC;NTC;NTC;NTC;NTC;NTC;NTC;NTC;NTC;NTC;NTC;NTC;NTC;NTC;NTC;NTC;NTC;NTC;NTC;NTC;NTC;NTC;NTC;NTC;S0288
2018.Run02.Roos.en.Opti.S0289;GAGGAGTAAAGCGAGGAGTAAAGC;GGACTACHVGGGTWTCTAAT;Non-Template_Control_12;Non-Template_Control_12;Non-Template_Control_12;NTC;;;20.02.2018;No;NTC;NTC;NTC;NTC;NTC;NTC;NTC;NTC;NTC;NTC;NTC;NTC;NTC;NTC;NTC;NTC;NTC;NTC;NTC;NTC;NTC;NTC;NTC;NTC;NTC;NTC;NTC;NTC;NTC;NTC;NTC;NTC;NTC;NTC;NTC;NTC;NTC;NTC;NTC;NTC;NTC;NTC;NTC;NTC;NTC;NTC;NTC;NTC;NTC;NTC;NTC;NTC;NTC;NTC;NTC;NTC;NTC;NTC;NTC;NTC;S0289
2018.Run02.Roos.en.Opti.S0290;GTTACGTGGTTGGTTACGTGGTTG;GGACTACHVGGGTWTCTAAT;Non-Template_Control_13;Non-Template_Control_13;Non-Template_Control_13;NTC;;;20.02.2018;No;NTC;NTC;NTC;NTC;NTC;NTC;NTC;NTC;NTC;NTC;NTC;NTC;NTC;NTC;NTC;NTC;NTC;NTC;NTC;NTC;NTC;NTC;NTC;NTC;NTC;NTC;NTC;NTC;NTC;NTC;NTC;NTC;NTC;NTC;NTC;NTC;NTC;NTC;NTC;NTC;NTC;NTC;NTC;NTC;NTC;NTC;NTC;NTC;NTC;NTC;NTC;NTC;NTC;NTC;NTC;NTC;NTC;NTC;NTC;NTC;S0290
2018.Run02.Roos.en.Opti.S0291;CCTAAACTACGGTACCGCCTCGGA;GGACTACHVGGGTWTCTAAT;Non-Template_Control_14;Non-Template_Control_14;Non-Template_Control_14;NTC;;;20.02.2018;No;NTC;NTC;NTC;NTC;NTC;NTC;NTC;NTC;NTC;NTC;NTC;NTC;NTC;NTC;NTC;NTC;NTC;NTC;NTC;NTC;NTC;NTC;NTC;NTC;NTC;NTC;NTC;NTC;NTC;NTC;NTC;NTC;NTC;NTC;NTC;NTC;NTC;NTC;NTC;NTC;NTC;NTC;NTC;NTC;NTC;NTC;NTC;NTC;NTC;NTC;NTC;NTC;NTC;NTC;NTC;NTC;NTC;NTC;NTC;NTC;S0291
2018.Run02.Roos.en.Opti.S0292;TGCAGATCCAACCGTAAGATGCCT;GGACTACHVGGGTWTCTAAT;Non-Template_Control_15;Non-Template_Control_15;Non-Template_Control_15;NTC;;;20.02.2018;No;NTC;NTC;NTC;NTC;NTC;NTC;NTC;NTC;NTC;NTC;NTC;NTC;NTC;NTC;NTC;NTC;NTC;NTC;NTC;NTC;NTC;NTC;NTC;NTC;NTC;NTC;NTC;NTC;NTC;NTC;NTC;NTC;NTC;NTC;NTC;NTC;NTC;NTC;NTC;NTC;NTC;NTC;NTC;NTC;NTC;NTC;NTC;NTC;NTC;NTC;NTC;NTC;NTC;NTC;NTC;NTC;NTC;NTC;NTC;NTC;S0292
2018.Run02.Roos.en.Opti.S0293;CCATCACATAGGTACCGGCTTGCA;GGACTACHVGGGTWTCTAAT;Non-Template_Control_16;Non-Template_Control_16;Non-Template_Control_16;NTC;;;20.02.2018;No;NTC;NTC;NTC;NTC;NTC;NTC;NTC;NTC;NTC;NTC;NTC;NTC;NTC;NTC;NTC;NTC;NTC;NTC;NTC;NTC;NTC;NTC;NTC;NTC;NTC;NTC;NTC;NTC;NTC;NTC;NTC;NTC;NTC;NTC;NTC;NTC;NTC;NTC;NTC;NTC;NTC;NTC;NTC;NTC;NTC;NTC;NTC;NTC;NTC;NTC;NTC;NTC;NTC;NTC;NTC;NTC;NTC;NTC;NTC;NTC;S0293
2018.Run02.Roos.en.Opti.S0294;GTGGTATGGGAGATCTAGTGGCAA;GGACTACHVGGGTWTCTAAT;Non-Template_Control_17;Non-Template_Control_17;Non-Template_Control_17;NTC;;;20.02.2018;No;NTC;NTC;NTC;NTC;NTC;NTC;NTC;NTC;NTC;NTC;NTC;NTC;NTC;NTC;NTC;NTC;NTC;NTC;NTC;NTC;NTC;NTC;NTC;NTC;NTC;NTC;NTC;NTC;NTC;NTC;NTC;NTC;NTC;NTC;NTC;NTC;NTC;NTC;NTC;NTC;NTC;NTC;NTC;NTC;NTC;NTC;NTC;NTC;NTC;NTC;NTC;NTC;NTC;NTC;NTC;NTC;NTC;NTC;NTC;NTC;S0294
2018.Run02.Roos.en.Opti.S0295;ACTTTAAGGGTGCCAGGGACTTCT;GGACTACHVGGGTWTCTAAT;Non-Template_Control_18;Non-Template_Control_18;Non-Template_Control_18;NTC;;;20.02.2018;No;NTC;NTC;NTC;NTC;NTC;NTC;NTC;NTC;NTC;NTC;NTC;NTC;NTC;NTC;NTC;NTC;NTC;NTC;NTC;NTC;NTC;NTC;NTC;NTC;NTC;NTC;NTC;NTC;NTC;NTC;NTC;NTC;NTC;NTC;NTC;NTC;NTC;NTC;NTC;NTC;NTC;NTC;NTC;NTC;NTC;NTC;NTC;NTC;NTC;NTC;NTC;NTC;NTC;NTC;NTC;NTC;NTC;NTC;NTC;NTC;S0295
2018.Run02.Roos.en.Opti.S0296;GAGCAACATCCTCACCTTACCTTA;GGACTACHVGGGTWTCTAAT;Non-Template_Control_19;Non-Template_Control_19;Non-Template_Control_19;NTC;;;20.02.2018;No;NTC;NTC;NTC;NTC;NTC;NTC;NTC;NTC;NTC;NTC;NTC;NTC;NTC;NTC;NTC;NTC;NTC;NTC;NTC;NTC;NTC;NTC;NTC;NTC;NTC;NTC;NTC;NTC;NTC;NTC;NTC;NTC;NTC;NTC;NTC;NTC;NTC;NTC;NTC;NTC;NTC;NTC;NTC;NTC;NTC;NTC;NTC;NTC;NTC;NTC;NTC;NTC;NTC;NTC;NTC;NTC;NTC;NTC;NTC;NTC;S0296
2018.Run02.Roos.en.Opti.S0297;TGTTGCGTTTCTATAGTTAGGGCT;GGACTACHVGGGTWTCTAAT;Non-Template_Control_20;Non-Template_Control_20;Non-Template_Control_20;NTC;;;20.02.2018;No;NTC;NTC;NTC;NTC;NTC;NTC;NTC;NTC;NTC;NTC;NTC;NTC;NTC;NTC;NTC;NTC;NTC;NTC;NTC;NTC;NTC;NTC;NTC;NTC;NTC;NTC;NTC;NTC;NTC;NTC;NTC;NTC;NTC;NTC;NTC;NTC;NTC;NTC;NTC;NTC;NTC;NTC;NTC;NTC;NTC;NTC;NTC;NTC;NTC;NTC;NTC;NTC;NTC;NTC;NTC;NTC;NTC;NTC;NTC;NTC;S0297
2018.Run02.Roos.en.Opti.S0298;ATGTCCGACCAAGCACTTCATTTC;GGACTACHVGGGTWTCTAAT;Non-Template_Control_21;Non-Template_Control_21;Non-Template_Control_21;NTC;;;20.02.2018;No;NTC;NTC;NTC;NTC;NTC;NTC;NTC;NTC;NTC;NTC;NTC;NTC;NTC;NTC;NTC;NTC;NTC;NTC;NTC;NTC;NTC;NTC;NTC;NTC;NTC;NTC;NTC;NTC;NTC;NTC;NTC;NTC;NTC;NTC;NTC;NTC;NTC;NTC;NTC;NTC;NTC;NTC;NTC;NTC;NTC;NTC;NTC;NTC;NTC;NTC;NTC;NTC;NTC;NTC;NTC;NTC;NTC;NTC;NTC;NTC;S0298
2018.Run02.Roos.en.Opti.S0299;AGGTACGCAATTTTAACTGGAAGC;GGACTACHVGGGTWTCTAAT;Non-Template_Control_22;Non-Template_Control_22;Non-Template_Control_22;NTC;;;20.02.2018;No;NTC;NTC;NTC;NTC;NTC;NTC;NTC;NTC;NTC;NTC;NTC;NTC;NTC;NTC;NTC;NTC;NTC;NTC;NTC;NTC;NTC;NTC;NTC;NTC;NTC;NTC;NTC;NTC;NTC;NTC;NTC;NTC;NTC;NTC;NTC;NTC;NTC;NTC;NTC;NTC;NTC;NTC;NTC;NTC;NTC;NTC;NTC;NTC;NTC;NTC;NTC;NTC;NTC;NTC;NTC;NTC;NTC;NTC;NTC;NTC;S0299
2018.Run02.Roos.en.Opti.S0300;ACAGCCACCCATCGCGGTTACTAA;GGACTACHVGGGTWTCTAAT;Non-Template_Control_23;Non-Template_Control_23;Non-Template_Control_23;NTC;;;20.02.2018;No;NTC;NTC;NTC;NTC;NTC;NTC;NTC;NTC;NTC;NTC;NTC;NTC;NTC;NTC;NTC;NTC;NTC;NTC;NTC;NTC;NTC;NTC;NTC;NTC;NTC;NTC;NTC;NTC;NTC;NTC;NTC;NTC;NTC;NTC;NTC;NTC;NTC;NTC;NTC;NTC;NTC;NTC;NTC;NTC;NTC;NTC;NTC;NTC;NTC;NTC;NTC;NTC;NTC;NTC;NTC;NTC;NTC;NTC;NTC;NTC;S0300
2018.Run02.Roos.en.Opti.S0301;TGTCTCGCAAGCGAGACTATATGC;GGACTACHVGGGTWTCTAAT;Non-Template_Control_24;Non-Template_Control_24;Non-Template_Control_24;NTC;;;20.02.2018;No;NTC;NTC;NTC;NTC;NTC;NTC;NTC;NTC;NTC;NTC;NTC;NTC;NTC;NTC;NTC;NTC;NTC;NTC;NTC;NTC;NTC;NTC;NTC;NTC;NTC;NTC;NTC;NTC;NTC;NTC;NTC;NTC;NTC;NTC;NTC;NTC;NTC;NTC;NTC;NTC;NTC;NTC;NTC;NTC;NTC;NTC;NTC;NTC;NTC;NTC;NTC;NTC;NTC;NTC;NTC;NTC;NTC;NTC;NTC;NTC;S0301
